Produce_Variety,Commodity_Type,Unit,Volume_in_Kgs,Values_in_Ksh,Date,OBJECTID
Horticulture,Cabbages,Ext Bag,126,2205.0,1/1/2012 0:00,0
Horticulture,Cooking Bananas,Med Bunch,22,511.0,1/1/2012 0:00,1
Horticulture,Ripe Bananas,Med Bunch,14,616.0,1/1/2012 0:00,2
Horticulture,Carrots,Ext Bag,138,2833.0,1/1/2012 0:00,3
Horticulture,Tomatoes,Lg Box,64,3411.0,1/1/2012 0:00,4
Horticulture,Onions Dry,net,13,1043.0,1/1/2012 0:00,5
Horticulture,Spring Onions,Bag,142,1997.0,1/1/2012 0:00,6
Horticulture,Chillies,Bag,38,2163.0,1/1/2012 0:00,7
Horticulture,Cucumber,Bag,50,2377.0,1/1/2012 0:00,8
Horticulture,Capsicums,Bag,50,2349.0,1/1/2012 0:00,9
Horticulture,Brinjals,Bag,44,1614.0,1/1/2012 0:00,10
Horticulture,Cauliflower,crate,39,2737.0,1/1/2012 0:00,11
Horticulture,Lettuce,Bag,51,2833.0,1/1/2012 0:00,12
Horticulture,Passion Fruits,Bag,57,4063.0,1/1/2012 0:00,13
Horticulture,Oranges,Bag,93,2757.0,1/1/2012 0:00,14
Horticulture,Lemons,Bag,95,1445.0,1/1/2012 0:00,15
Horticulture,Mangoes Local,Bag,126,1514.0,1/1/2012 0:00,16
Horticulture,Mangoes Ngowe,Sm Basket,25,785.0,1/1/2012 0:00,17
Horticulture,Limes,net,13,570.0,1/1/2012 0:00,18
Horticulture,Pineapples,Dozen,13,748.0,1/1/2012 0:00,19
Horticulture,Pawpaw,Lg Box,54,1392.0,1/1/2012 0:00,20
Horticulture,Avocado,Bag,90,2232.0,1/1/2012 0:00,21
Horticulture,Kales,Bag,50,1328.0,1/1/2012 0:00,22
Horticulture,Cabbages,Ext Bag,126,2739.0,2/1/2012 0:00,23
Horticulture,Cooking Bananas,Med Bunch,22,531.0,2/1/2012 0:00,24
Horticulture,Ripe Bananas,Med Bunch,14,570.0,2/1/2012 0:00,25
Horticulture,Carrots,Ext Bag,138,2754.0,2/1/2012 0:00,26
Horticulture,Tomatoes,Lg Box,64,4100.0,2/1/2012 0:00,27
Horticulture,Onions Dry,net,13,863.0,2/1/2012 0:00,28
Horticulture,Spring Onions,Bag,142,2142.0,2/1/2012 0:00,29
Horticulture,Chillies,Bag,38,2610.0,2/1/2012 0:00,30
Horticulture,Cucumber,Bag,50,1598.0,2/1/2012 0:00,31
Horticulture,Capsicums,Bag,50,2727.0,2/1/2012 0:00,32
Horticulture,Brinjals,Bag,44,1578.0,2/1/2012 0:00,33
Horticulture,Cauliflower,crate,39,2933.0,2/1/2012 0:00,34
Horticulture,Lettuce,Bag,51,2863.0,2/1/2012 0:00,35
Horticulture,Passion Fruits,Bag,57,3512.0,2/1/2012 0:00,36
Horticulture,Oranges,Bag,93,2880.0,2/1/2012 0:00,37
Horticulture,Lemons,Bag,95,1433.0,2/1/2012 0:00,38
Horticulture,Mangoes Local,Bag,126,1726.0,2/1/2012 0:00,39
Horticulture,Mangoes Ngowe,Sm Basket,25,817.0,2/1/2012 0:00,40
Horticulture,Limes,net,13,544.0,2/1/2012 0:00,41
Horticulture,Pineapples,Dozen,13,695.0,2/1/2012 0:00,42
Horticulture,Pawpaw,Lg Box,54,1535.0,2/1/2012 0:00,43
Horticulture,Avocado,Bag,90,2439.0,2/1/2012 0:00,44
Horticulture,Kales,Bag,50,1985.0,2/1/2012 0:00,45
Horticulture,Cabbages,Ext Bag,126,3049.0,3/1/2012 0:00,46
Horticulture,Cooking Bananas,Med Bunch,22,570.0,3/1/2012 0:00,47
Horticulture,Ripe Bananas,Med Bunch,14,635.0,3/1/2012 0:00,48
Horticulture,Carrots,Ext Bag,138,3223.0,3/1/2012 0:00,49
Horticulture,Tomatoes,Lg Box,64,3685.0,3/1/2012 0:00,50
Horticulture,Onions Dry,net,13,992.0,3/1/2012 0:00,51
Horticulture,Spring Onions,Bag,142,1981.0,3/1/2012 0:00,52
Horticulture,Chillies,Bag,38,2954.0,3/1/2012 0:00,53
Horticulture,Cucumber,Bag,50,2413.0,3/1/2012 0:00,54
Horticulture,Capsicums,Bag,50,3247.0,3/1/2012 0:00,55
Horticulture,Brinjals,Bag,44,1559.0,3/1/2012 0:00,56
Horticulture,Cauliflower,crate,39,2018.0,3/1/2012 0:00,57
Horticulture,Lettuce,Bag,51,2939.0,3/1/2012 0:00,58
Horticulture,Passion Fruits,Bag,57,3351.0,3/1/2012 0:00,59
Horticulture,Oranges,Bag,93,3075.0,3/1/2012 0:00,60
Horticulture,Lemons,Bag,95,1300.0,3/1/2012 0:00,61
Horticulture,Mangoes Local,Bag,126,2015.0,3/1/2012 0:00,62
Horticulture,Mangoes Ngowe,Sm Basket,25,1130.0,3/1/2012 0:00,63
Horticulture,Limes,net,13,541.0,3/1/2012 0:00,64
Horticulture,Pineapples,Dozen,13,748.0,3/1/2012 0:00,65
Horticulture,Pawpaw,Lg Box,54,1503.0,3/1/2012 0:00,66
Horticulture,Avocado,Bag,90,2252.0,3/1/2012 0:00,67
Horticulture,Kales,Bag,50,2049.0,3/1/2012 0:00,68
Horticulture,Cabbages,Ext Bag,126,2625.0,4/1/2012 0:00,69
Horticulture,Cooking Bananas,Med Bunch,22,543.0,4/1/2012 0:00,70
Horticulture,Ripe Bananas,Med Bunch,14,623.0,4/1/2012 0:00,71
Horticulture,Carrots,Ext Bag,138,3536.0,4/1/2012 0:00,72
Horticulture,Tomatoes,Lg Box,64,2820.0,4/1/2012 0:00,73
Horticulture,Onions Dry,net,13,1174.0,4/1/2012 0:00,74
Horticulture,Spring Onions,Bag,142,1833.0,4/1/2012 0:00,75
Horticulture,Chillies,Bag,38,2769.0,4/1/2012 0:00,76
Horticulture,Cucumber,Bag,50,2207.0,4/1/2012 0:00,77
Horticulture,Capsicums,Bag,50,2889.0,4/1/2012 0:00,78
Horticulture,Brinjals,Bag,44,1692.0,4/1/2012 0:00,79
Horticulture,Cauliflower,crate,39,2865.0,4/1/2012 0:00,80
Horticulture,Lettuce,Bag,51,3729.0,4/1/2012 0:00,81
Horticulture,Passion Fruits,Bag,57,3589.0,4/1/2012 0:00,82
Horticulture,Oranges,Bag,93,2792.0,4/1/2012 0:00,83
Horticulture,Lemons,Bag,95,1199.0,4/1/2012 0:00,84
Horticulture,Mangoes Local,Bag,126,1993.0,4/1/2012 0:00,85
Horticulture,Mangoes Ngowe,Sm Basket,25,1069.0,4/1/2012 0:00,86
Horticulture,Limes,net,13,601.0,4/1/2012 0:00,87
Horticulture,Pineapples,Dozen,13,747.0,4/1/2012 0:00,88
Horticulture,Pawpaw,Lg Box,54,1538.0,4/1/2012 0:00,89
Horticulture,Avocado,Bag,90,2044.0,4/1/2012 0:00,90
Horticulture,Kales,Bag,50,1580.0,4/1/2012 0:00,91
Horticulture,Cabbages,Ext Bag,126,2105.0,5/1/2012 0:00,92
Horticulture,Cooking Bananas,Med Bunch,22,565.0,5/1/2012 0:00,93
Horticulture,Ripe Bananas,Med Bunch,14,630.0,5/1/2012 0:00,94
Horticulture,Carrots,Ext Bag,138,3752.0,5/1/2012 0:00,95
Horticulture,Tomatoes,Lg Box,64,3302.0,5/1/2012 0:00,96
Horticulture,Onions Dry,net,13,1153.0,5/1/2012 0:00,97
Horticulture,Spring Onions,Bag,142,1793.0,5/1/2012 0:00,98
Horticulture,Chillies,Bag,38,2889.0,5/1/2012 0:00,99
Horticulture,Cucumber,Bag,50,2072.0,5/1/2012 0:00,100
Horticulture,Capsicums,Bag,50,2758.0,5/1/2012 0:00,101
Horticulture,Brinjals,Bag,44,1390.0,5/1/2012 0:00,102
Horticulture,Cauliflower,crate,39,2969.0,5/1/2012 0:00,103
Horticulture,Lettuce,Bag,51,3390.0,5/1/2012 0:00,104
Horticulture,Passion Fruits,Bag,57,3633.0,5/1/2012 0:00,105
Horticulture,Oranges,Bag,93,2708.0,5/1/2012 0:00,106
Horticulture,Lemons,Bag,95,1461.0,5/1/2012 0:00,107
Horticulture,Mangoes Local,Bag,126,1960.0,5/1/2012 0:00,108
Horticulture,Mangoes Ngowe,Sm Basket,25,1132.0,5/1/2012 0:00,109
Horticulture,Limes,net,13,681.0,5/1/2012 0:00,110
Horticulture,Pineapples,Dozen,13,788.0,5/1/2012 0:00,111
Horticulture,Pawpaw,Lg Box,54,1428.0,5/1/2012 0:00,112
Horticulture,Avocado,Bag,90,1939.0,5/1/2012 0:00,113
Horticulture,Kales,Bag,50,1206.0,5/1/2012 0:00,114
Horticulture,Cabbages,Ext Bag,126,2221.0,6/1/2012 0:00,115
Horticulture,Cooking Bananas,Med Bunch,22,589.0,6/1/2012 0:00,116
Horticulture,Ripe Bananas,Med Bunch,14,659.0,6/1/2012 0:00,117
Horticulture,Carrots,Ext Bag,138,4147.0,6/1/2012 0:00,118
Horticulture,Tomatoes,Lg Box,64,4172.0,6/1/2012 0:00,119
Horticulture,Onions Dry,net,13,1229.0,6/1/2012 0:00,120
Horticulture,Spring Onions,Bag,142,1993.0,6/1/2012 0:00,121
Horticulture,Chillies,Bag,38,2658.0,6/1/2012 0:00,122
Horticulture,Cucumber,Bag,50,1893.0,6/1/2012 0:00,123
Horticulture,Capsicums,Bag,50,2758.0,6/1/2012 0:00,124
Horticulture,Brinjals,Bag,44,1606.0,6/1/2012 0:00,125
Horticulture,Cauliflower,crate,39,2147.0,6/1/2012 0:00,126
Horticulture,Lettuce,Bag,51,3281.0,6/1/2012 0:00,127
Horticulture,Passion Fruits,Bag,57,3636.0,6/1/2012 0:00,128
Horticulture,Oranges,Bag,93,2410.0,6/1/2012 0:00,129
Horticulture,Lemons,Bag,95,1767.0,6/1/2012 0:00,130
Horticulture,Mangoes Local,Bag,126,2018.0,6/1/2012 0:00,131
Horticulture,Mangoes Ngowe,Sm Basket,25,1004.0,6/1/2012 0:00,132
Horticulture,Limes,net,13,655.0,6/1/2012 0:00,133
Horticulture,Pineapples,Dozen,13,851.0,6/1/2012 0:00,134
Horticulture,Pawpaw,Lg Box,54,1406.0,6/1/2012 0:00,135
Horticulture,Avocado,Bag,90,1971.0,6/1/2012 0:00,136
Horticulture,Kales,Bag,50,1272.0,6/1/2012 0:00,137
Horticulture,Cabbages,Ext Bag,126,2034.0,7/1/2012 0:00,138
Horticulture,Cooking Bananas,Med Bunch,22,544.0,7/1/2012 0:00,139
Horticulture,Ripe Bananas,Med Bunch,14,582.0,7/1/2012 0:00,140
Horticulture,Carrots,Ext Bag,138,4534.0,7/1/2012 0:00,141
Horticulture,Tomatoes,Lg Box,64,2602.0,7/1/2012 0:00,142
Horticulture,Onions Dry,net,13,1004.0,7/1/2012 0:00,143
Horticulture,Spring Onions,Bag,142,2103.0,7/1/2012 0:00,144
Horticulture,Chillies,Bag,38,2785.0,7/1/2012 0:00,145
Horticulture,Cucumber,Bag,50,1917.0,7/1/2012 0:00,146
Horticulture,Capsicums,Bag,50,2552.0,7/1/2012 0:00,147
Horticulture,Brinjals,Bag,44,1592.0,7/1/2012 0:00,148
Horticulture,Cauliflower,crate,39,2744.0,7/1/2012 0:00,149
Horticulture,Lettuce,Bag,51,3563.0,7/1/2012 0:00,150
Horticulture,Passion Fruits,Bag,57,3726.0,7/1/2012 0:00,151
Horticulture,Oranges,Bag,93,2413.0,7/1/2012 0:00,152
Horticulture,Lemons,Bag,95,1695.0,7/1/2012 0:00,153
Horticulture,Mangoes Local,Bag,126,1750.0,7/1/2012 0:00,154
Horticulture,Mangoes Ngowe,Sm Basket,25,1063.0,7/1/2012 0:00,155
Horticulture,Limes,net,13,602.0,7/1/2012 0:00,156
Horticulture,Pineapples,Dozen,13,831.0,7/1/2012 0:00,157
Horticulture,Pawpaw,Lg Box,54,1432.0,7/1/2012 0:00,158
Horticulture,Avocado,Bag,90,1741.0,7/1/2012 0:00,159
Horticulture,Kales,Bag,50,824.0,7/1/2012 0:00,160
Horticulture,Cabbages,Ext Bag,126,1905.0,8/1/2012 0:00,161
Horticulture,Cooking Bananas,Med Bunch,22,572.0,8/1/2012 0:00,162
Horticulture,Ripe Bananas,Med Bunch,14,542.0,8/1/2012 0:00,163
Horticulture,Carrots,Ext Bag,138,3850.0,8/1/2012 0:00,164
Horticulture,Tomatoes,Lg Box,64,2576.0,8/1/2012 0:00,165
Horticulture,Onions Dry,net,13,887.0,8/1/2012 0:00,166
Horticulture,Spring Onions,Bag,142,1975.0,8/1/2012 0:00,167
Horticulture,Chillies,Bag,38,2652.0,8/1/2012 0:00,168
Horticulture,Cucumber,Bag,50,1572.0,8/1/2012 0:00,169
Horticulture,Capsicums,Bag,50,2769.0,8/1/2012 0:00,170
Horticulture,Brinjals,Bag,44,1544.0,8/1/2012 0:00,171
Horticulture,Cauliflower,crate,39,2408.0,8/1/2012 0:00,172
Horticulture,Lettuce,Bag,51,4246.0,8/1/2012 0:00,173
Horticulture,Passion Fruits,Bag,57,3291.0,8/1/2012 0:00,174
Horticulture,Oranges,Bag,93,2736.0,8/1/2012 0:00,175
Horticulture,Lemons,Bag,95,1749.0,8/1/2012 0:00,176
Horticulture,Mangoes Local,Bag,126,1791.0,8/1/2012 0:00,177
Horticulture,Mangoes Ngowe,Sm Basket,25,1013.0,8/1/2012 0:00,178
Horticulture,Limes,net,13,817.0,8/1/2012 0:00,179
Horticulture,Pineapples,Dozen,13,698.0,8/1/2012 0:00,180
Horticulture,Pawpaw,Lg Box,54,1388.0,8/1/2012 0:00,181
Horticulture,Avocado,Bag,90,1634.0,8/1/2012 0:00,182
Horticulture,Kales,Bag,50,682.0,8/1/2012 0:00,183
Horticulture,Cabbages,Ext Bag,126,1792.0,9/1/2012 0:00,184
Horticulture,Cooking Bananas,Med Bunch,22,571.0,9/1/2012 0:00,185
Horticulture,Ripe Bananas,Med Bunch,14,573.0,9/1/2012 0:00,186
Horticulture,Carrots,Ext Bag,138,3261.0,9/1/2012 0:00,187
Horticulture,Tomatoes,Lg Box,64,2602.0,9/1/2012 0:00,188
Horticulture,Onions Dry,net,13,1018.0,9/1/2012 0:00,189
Horticulture,Spring Onions,Bag,142,2097.0,9/1/2012 0:00,190
Horticulture,Chillies,Bag,38,3783.0,9/1/2012 0:00,191
Horticulture,Cucumber,Bag,50,1735.0,9/1/2012 0:00,192
Horticulture,Capsicums,Bag,50,2674.0,9/1/2012 0:00,193
Horticulture,Brinjals,Bag,44,1474.0,9/1/2012 0:00,194
Horticulture,Cauliflower,crate,39,2087.0,9/1/2012 0:00,195
Horticulture,Lettuce,Bag,51,4983.0,9/1/2012 0:00,196
Horticulture,Passion Fruits,Bag,57,3536.0,9/1/2012 0:00,197
Horticulture,Oranges,Bag,93,3163.0,9/1/2012 0:00,198
Horticulture,Lemons,Bag,95,1374.0,9/1/2012 0:00,199
Horticulture,Mangoes Local,Bag,126,2013.0,9/1/2012 0:00,200
Horticulture,Mangoes Ngowe,Sm Basket,25,932.0,9/1/2012 0:00,201
Horticulture,Limes,net,13,626.0,9/1/2012 0:00,202
Horticulture,Pineapples,Dozen,13,935.0,9/1/2012 0:00,203
Horticulture,Pawpaw,Lg Box,54,1715.0,9/1/2012 0:00,204
Horticulture,Avocado,Bag,90,1975.0,9/1/2012 0:00,205
Horticulture,Kales,Bag,50,764.0,9/1/2012 0:00,206
Horticulture,Cabbages,Ext Bag,126,1643.0,10/1/2012 0:00,207
Horticulture,Cooking Bananas,Med Bunch,22,626.0,10/1/2012 0:00,208
Horticulture,Ripe Bananas,Med Bunch,14,636.0,10/1/2012 0:00,209
Horticulture,Carrots,Ext Bag,138,2778.0,10/1/2012 0:00,210
Horticulture,Tomatoes,Lg Box,64,2576.0,10/1/2012 0:00,211
Horticulture,Onions Dry,net,13,819.0,10/1/2012 0:00,212
Horticulture,Spring Onions,Bag,142,1852.0,10/1/2012 0:00,213
Horticulture,Chillies,Bag,38,2592.0,10/1/2012 0:00,214
Horticulture,Cucumber,Bag,50,2020.0,10/1/2012 0:00,215
Horticulture,Capsicums,Bag,50,2439.0,10/1/2012 0:00,216
Horticulture,Brinjals,Bag,44,1386.0,10/1/2012 0:00,217
Horticulture,Cauliflower,crate,39,1883.0,10/1/2012 0:00,218
Horticulture,Lettuce,Bag,51,4944.0,10/1/2012 0:00,219
Horticulture,Passion Fruits,Bag,57,3429.0,10/1/2012 0:00,220
Horticulture,Oranges,Bag,93,3003.0,10/1/2012 0:00,221
Horticulture,Lemons,Bag,95,1455.0,10/1/2012 0:00,222
Horticulture,Mangoes Local,Bag,126,1862.0,10/1/2012 0:00,223
Horticulture,Mangoes Ngowe,Sm Basket,25,1174.0,10/1/2012 0:00,224
Horticulture,Limes,net,13,680.0,10/1/2012 0:00,225
Horticulture,Pineapples,Dozen,13,841.0,10/1/2012 0:00,226
Horticulture,Pawpaw,Lg Box,54,1431.0,10/1/2012 0:00,227
Horticulture,Avocado,Bag,90,1860.0,10/1/2012 0:00,228
Horticulture,Kales,Bag,50,749.0,10/1/2012 0:00,229
Horticulture,Cabbages,Ext Bag,126,1410.0,11/1/2012 0:00,230
Horticulture,Cooking Bananas,Med Bunch,22,548.0,11/1/2012 0:00,231
Horticulture,Ripe Bananas,Med Bunch,14,593.0,11/1/2012 0:00,232
Horticulture,Carrots,Ext Bag,138,2515.0,11/1/2012 0:00,233
Horticulture,Tomatoes,Lg Box,64,3392.0,11/1/2012 0:00,234
Horticulture,Onions Dry,net,13,907.0,11/1/2012 0:00,235
Horticulture,Spring Onions,Bag,142,2015.0,11/1/2012 0:00,236
Horticulture,Chillies,Bag,38,2387.0,11/1/2012 0:00,237
Horticulture,Cucumber,Bag,50,1756.0,11/1/2012 0:00,238
Horticulture,Capsicums,Bag,50,2088.0,11/1/2012 0:00,239
Horticulture,Brinjals,Bag,44,1325.0,11/1/2012 0:00,240
Horticulture,Cauliflower,crate,39,1364.0,11/1/2012 0:00,241
Horticulture,Lettuce,Bag,51,2182.0,11/1/2012 0:00,242
Horticulture,Passion Fruits,Bag,57,3505.0,11/1/2012 0:00,243
Horticulture,Oranges,Bag,93,2678.0,11/1/2012 0:00,244
Horticulture,Lemons,Bag,95,1546.0,11/1/2012 0:00,245
Horticulture,Mangoes Local,Bag,126,1807.0,11/1/2012 0:00,246
Horticulture,Mangoes Ngowe,Sm Basket,25,875.0,11/1/2012 0:00,247
Horticulture,Limes,net,13,847.0,11/1/2012 0:00,248
Horticulture,Pineapples,Dozen,13,778.0,11/1/2012 0:00,249
Horticulture,Pawpaw,Lg Box,54,1298.0,11/1/2012 0:00,250
Horticulture,Avocado,Bag,90,1847.0,11/1/2012 0:00,251
Horticulture,Kales,Bag,50,670.0,11/1/2012 0:00,252
Horticulture,Cabbages,Ext Bag,126,1504.0,12/1/2012 0:00,253
Horticulture,Cooking Bananas,Med Bunch,22,547.0,12/1/2012 0:00,254
Horticulture,Ripe Bananas,Med Bunch,14,577.0,12/1/2012 0:00,255
Horticulture,Carrots,Ext Bag,138,2507.0,12/1/2012 0:00,256
Horticulture,Tomatoes,Lg Box,64,3348.0,12/1/2012 0:00,257
Horticulture,Onions Dry,net,13,900.0,12/1/2012 0:00,258
Horticulture,Spring Onions,Bag,142,2390.0,12/1/2012 0:00,259
Horticulture,Chillies,Bag,38,3300.0,12/1/2012 0:00,260
Horticulture,Cucumber,Bag,50,1861.0,12/1/2012 0:00,261
Horticulture,Capsicums,Bag,50,2222.0,12/1/2012 0:00,262
Horticulture,Brinjals,Bag,44,1427.0,12/1/2012 0:00,263
Horticulture,Cauliflower,crate,39,1993.0,12/1/2012 0:00,264
Horticulture,Lettuce,Bag,51,3932.0,12/1/2012 0:00,265
Horticulture,Passion Fruits,Bag,57,3548.0,12/1/2012 0:00,266
Horticulture,Oranges,Bag,93,2877.0,12/1/2012 0:00,267
Horticulture,Lemons,Bag,95,1911.0,12/1/2012 0:00,268
Horticulture,Mangoes Local,Bag,126,2124.0,12/1/2012 0:00,269
Horticulture,Mangoes Ngowe,Sm Basket,25,912.0,12/1/2012 0:00,270
Horticulture,Limes,net,13,728.0,12/1/2012 0:00,271
Horticulture,Pineapples,Dozen,13,727.0,12/1/2012 0:00,272
Horticulture,Pawpaw,Lg Box,54,1611.0,12/1/2012 0:00,273
Horticulture,Avocado,Bag,90,2255.0,12/1/2012 0:00,274
Horticulture,Kales,Bag,50,690.0,12/1/2012 0:00,275
Horticulture,Cabbages,Ext Bag,126,1466.0,1/1/2013 0:00,276
Horticulture,Kales,Bag,50,685.0,1/1/2013 0:00,277
Horticulture,Avocado,Bag,90,1981.0,1/1/2013 0:00,278
Horticulture,Pawpaw,Lg Box,54,1479.0,1/1/2013 0:00,279
Horticulture,Pineapples,Dozen,13,897.0,1/1/2013 0:00,280
Horticulture,Limes,net,13,582.0,1/1/2013 0:00,281
Horticulture,Mangoes Ngowe,Sm Basket,25,827.0,1/1/2013 0:00,282
Horticulture,Mangoes Local,Bag,126,1833.0,1/1/2013 0:00,283
Horticulture,Lemons,Bag,95,1875.0,1/1/2013 0:00,284
Horticulture,Oranges,Bag,93,2938.0,1/1/2013 0:00,285
Horticulture,Passion Fruits,Bag,57,3180.0,1/1/2013 0:00,286
Horticulture,Lettuce,Bag,51,4047.0,1/1/2013 0:00,287
Horticulture,Cauliflower,crate,39,2098.0,1/1/2013 0:00,288
Horticulture,Brinjals,Bag,44,1547.0,1/1/2013 0:00,289
Horticulture,Capsicums,Bag,50,2099.0,1/1/2013 0:00,290
Horticulture,Cucumber,Bag,50,1697.0,1/1/2013 0:00,291
Horticulture,Chillies,Bag,38,2403.0,1/1/2013 0:00,292
Horticulture,Spring Onions,Bag,142,1785.0,1/1/2013 0:00,293
Horticulture,Onions Dry,net,13,797.0,1/1/2013 0:00,294
Horticulture,Tomatoes,Lg Box,64,2831.0,1/1/2013 0:00,295
Horticulture,Carrots,Ext Bag,138,2538.0,1/1/2013 0:00,296
Horticulture,Ripe Bananas,Med Bunch,14,609.0,1/1/2013 0:00,297
Horticulture,Cooking Bananas,Med Bunch,22,586.0,1/1/2013 0:00,298
Horticulture,Cooking Bananas,Med Bunch,22,629.0,2/1/2013 0:00,299
Horticulture,Kales,Bag,50,804.0,2/1/2013 0:00,300
Horticulture,Avocado,Bag,90,2394.0,2/1/2013 0:00,301
Horticulture,Pawpaw,Lg Box,54,1472.0,2/1/2013 0:00,302
Horticulture,Pineapples,Dozen,13,750.0,2/1/2013 0:00,303
Horticulture,Limes,net,13,710.0,2/1/2013 0:00,304
Horticulture,Mangoes Ngowe,Sm Basket,25,927.0,2/1/2013 0:00,305
Horticulture,Mangoes Local,Bag,126,1957.0,2/1/2013 0:00,306
Horticulture,Lemons,Bag,95,2051.0,2/1/2013 0:00,307
Horticulture,Oranges,Bag,93,3230.0,2/1/2013 0:00,308
Horticulture,Passion Fruits,Bag,57,2955.0,2/1/2013 0:00,309
Horticulture,Lettuce,Bag,51,3476.0,2/1/2013 0:00,310
Horticulture,Cauliflower,crate,39,2483.0,2/1/2013 0:00,311
Horticulture,Brinjals,Bag,44,1836.0,2/1/2013 0:00,312
Horticulture,Capsicums,Bag,50,2517.0,2/1/2013 0:00,313
Horticulture,Cucumber,Bag,50,2251.0,2/1/2013 0:00,314
Horticulture,Chillies,Bag,38,2989.0,2/1/2013 0:00,315
Horticulture,Spring Onions,Bag,142,2254.0,2/1/2013 0:00,316
Horticulture,Onions Dry,net,13,792.0,2/1/2013 0:00,317
Horticulture,Tomatoes,Lg Box,64,2969.0,2/1/2013 0:00,318
Horticulture,Carrots,Ext Bag,138,2669.0,2/1/2013 0:00,319
Horticulture,Ripe Bananas,Med Bunch,14,708.0,2/1/2013 0:00,320
Horticulture,Cabbages,Ext Bag,126,1798.0,2/1/2013 0:00,321
Horticulture,Cabbages,Ext Bag,126,1667.0,3/1/2013 0:00,322
Horticulture,Cooking Bananas,Med Bunch,22,539.0,3/1/2013 0:00,323
Horticulture,Ripe Bananas,Med Bunch,14,607.0,3/1/2013 0:00,324
Horticulture,Carrots,Ext Bag,138,2969.0,3/1/2013 0:00,325
Horticulture,Tomatoes,Lg Box,64,3669.0,3/1/2013 0:00,326
Horticulture,Onions Dry,net,13,883.0,3/1/2013 0:00,327
Horticulture,Spring Onions,Bag,142,2159.0,3/1/2013 0:00,328
Horticulture,Chillies,Bag,38,2377.0,3/1/2013 0:00,329
Horticulture,Cucumber,Bag,50,2742.0,3/1/2013 0:00,330
Horticulture,Capsicums,Bag,50,2750.0,3/1/2013 0:00,331
Horticulture,Brinjals,Bag,44,1587.0,3/1/2013 0:00,332
Horticulture,Cauliflower,crate,39,2452.0,3/1/2013 0:00,333
Horticulture,Lettuce,Bag,51,3470.0,3/1/2013 0:00,334
Horticulture,Passion Fruits,Bag,57,3988.0,3/1/2013 0:00,335
Horticulture,Oranges,Bag,93,3053.0,3/1/2013 0:00,336
Horticulture,Lemons,Bag,95,2039.0,3/1/2013 0:00,337
Horticulture,Mangoes Local,Bag,126,2105.0,3/1/2013 0:00,338
Horticulture,Mangoes Ngowe,Sm Basket,25,1149.0,3/1/2013 0:00,339
Horticulture,Limes,net,13,679.0,3/1/2013 0:00,340
Horticulture,Pineapples,Dozen,13,728.0,3/1/2013 0:00,341
Horticulture,Pawpaw,Lg Box,54,1521.0,3/1/2013 0:00,342
Horticulture,Avocado,Bag,90,2322.0,3/1/2013 0:00,343
Horticulture,Kales,Bag,50,1039.0,3/1/2013 0:00,344
Horticulture,Cabbages,Ext Bag,126,1638.0,4/1/2013 0:00,345
Horticulture,Cooking Bananas,Med Bunch,22,545.0,4/1/2013 0:00,346
Horticulture,Ripe Bananas,Med Bunch,14,620.0,4/1/2013 0:00,347
Horticulture,Carrots,Ext Bag,138,3223.0,4/1/2013 0:00,348
Horticulture,Tomatoes,Lg Box,64,5182.0,4/1/2013 0:00,349
Horticulture,Onions Dry,net,13,850.0,4/1/2013 0:00,350
Horticulture,Spring Onions,Bag,142,2194.0,4/1/2013 0:00,351
Horticulture,Chillies,Bag,38,3064.0,4/1/2013 0:00,352
Horticulture,Cucumber,Bag,50,2405.0,4/1/2013 0:00,353
Horticulture,Capsicums,Bag,50,2930.0,4/1/2013 0:00,354
Horticulture,Brinjals,Bag,44,1664.0,4/1/2013 0:00,355
Horticulture,Cauliflower,crate,39,3781.0,4/1/2013 0:00,356
Horticulture,Lettuce,Bag,51,3202.0,4/1/2013 0:00,357
Horticulture,Passion Fruits,Bag,57,3725.0,4/1/2013 0:00,358
Horticulture,Oranges,Bag,93,2948.0,4/1/2013 0:00,359
Horticulture,Lemons,Bag,95,1960.0,4/1/2013 0:00,360
Horticulture,Mangoes Local,Bag,126,2444.0,4/1/2013 0:00,361
Horticulture,Mangoes Ngowe,Sm Basket,25,770.0,4/1/2013 0:00,362
Horticulture,Limes,net,13,635.0,4/1/2013 0:00,363
Horticulture,Pineapples,Dozen,13,780.0,4/1/2013 0:00,364
Horticulture,Pawpaw,Lg Box,54,1473.0,4/1/2013 0:00,365
Horticulture,Avocado,Bag,90,2287.0,4/1/2013 0:00,366
Horticulture,Kales,Bag,50,848.0,4/1/2013 0:00,367
Horticulture,Lettuce,Bag,51,4090.0,5/1/2013 0:00,368
Horticulture,Kales,Bag,50,1277.0,5/1/2013 0:00,369
Horticulture,Avocado,Bag,90,2705.0,5/1/2013 0:00,370
Horticulture,Pawpaw,Lg Box,54,1777.0,5/1/2013 0:00,371
Horticulture,Pineapples,Dozen,13,754.0,5/1/2013 0:00,372
Horticulture,Limes,net,13,683.0,5/1/2013 0:00,373
Horticulture,Mangoes Ngowe,Sm Basket,25,1079.0,5/1/2013 0:00,374
Horticulture,Mangoes Local,Bag,126,2420.0,5/1/2013 0:00,375
Horticulture,Lemons,Bag,95,2112.0,5/1/2013 0:00,376
Horticulture,Oranges,Bag,93,2893.0,5/1/2013 0:00,377
Horticulture,Passion Fruits,Bag,57,3923.0,5/1/2013 0:00,378
Horticulture,Cauliflower,crate,39,3553.0,5/1/2013 0:00,379
Horticulture,Brinjals,Bag,44,1700.0,5/1/2013 0:00,380
Horticulture,Capsicums,Bag,50,2663.0,5/1/2013 0:00,381
Horticulture,Cucumber,Bag,50,2268.0,5/1/2013 0:00,382
Horticulture,Chillies,Bag,38,3105.0,5/1/2013 0:00,383
Horticulture,Spring Onions,Bag,142,2571.0,5/1/2013 0:00,384
Horticulture,Onions Dry,net,13,967.0,5/1/2013 0:00,385
Horticulture,Tomatoes,Lg Box,64,5596.0,5/1/2013 0:00,386
Horticulture,Carrots,Ext Bag,138,3318.0,5/1/2013 0:00,387
Horticulture,Ripe Bananas,Med Bunch,14,625.0,5/1/2013 0:00,388
Horticulture,Cooking Bananas,Med Bunch,22,618.0,5/1/2013 0:00,389
Horticulture,Cabbages,Ext Bag,126,2058.0,5/1/2013 0:00,390
Horticulture,Cooking Bananas,Med Bunch,22,541.0,6/1/2013 0:00,391
Horticulture,Ripe Bananas,Med Bunch,14,583.0,6/1/2013 0:00,392
Horticulture,Carrots,Ext Bag,138,3647.0,6/1/2013 0:00,393
Horticulture,Tomatoes,Lg Box,64,4037.0,6/1/2013 0:00,394
Horticulture,Onions Dry,net,13,1147.0,6/1/2013 0:00,395
Horticulture,Spring Onions,Bag,142,2480.0,6/1/2013 0:00,396
Horticulture,Chillies,Bag,38,2973.0,6/1/2013 0:00,397
Horticulture,Cucumber,Bag,50,1946.0,6/1/2013 0:00,398
Horticulture,Capsicums,Bag,50,3031.0,6/1/2013 0:00,399
Horticulture,Brinjals,Bag,44,1720.0,6/1/2013 0:00,400
Horticulture,Cauliflower,crate,39,3490.0,6/1/2013 0:00,401
Horticulture,Cabbages,Ext Bag,126,2465.0,6/1/2013 0:00,402
Horticulture,Lettuce,Bag,51,3748.0,6/1/2013 0:00,403
Horticulture,Passion Fruits,Bag,57,4041.0,6/1/2013 0:00,404
Horticulture,Oranges,Bag,93,2674.0,6/1/2013 0:00,405
Horticulture,Lemons,Bag,95,2085.0,6/1/2013 0:00,406
Horticulture,Mangoes Local,Bag,126,2078.0,6/1/2013 0:00,407
Horticulture,Mangoes Ngowe,Sm Basket,25,915.0,6/1/2013 0:00,408
Horticulture,Limes,net,13,443.0,6/1/2013 0:00,409
Horticulture,Pineapples,Dozen,13,700.0,6/1/2013 0:00,410
Horticulture,Pawpaw,Lg Box,54,1511.0,6/1/2013 0:00,411
Horticulture,Avocado,Bag,90,2097.0,6/1/2013 0:00,412
Horticulture,Kales,Bag,50,1626.0,6/1/2013 0:00,413
Horticulture,Cabbages,Ext Bag,126,2326.0,7/1/2013 0:00,414
Horticulture,Cooking Bananas,Med Bunch,22,518.0,7/1/2013 0:00,415
Horticulture,Ripe Bananas,Med Bunch,14,578.0,7/1/2013 0:00,416
Horticulture,Carrots,Ext Bag,138,3553.0,7/1/2013 0:00,417
Horticulture,Tomatoes,Lg Box,64,2786.0,7/1/2013 0:00,418
Horticulture,Onions Dry,net,13,957.0,7/1/2013 0:00,419
Horticulture,Spring Onions,Bag,142,2318.0,7/1/2013 0:00,420
Horticulture,Chillies,Bag,38,3251.0,7/1/2013 0:00,421
Horticulture,Cucumber,Bag,50,2505.0,7/1/2013 0:00,422
Horticulture,Capsicums,Bag,50,2767.0,7/1/2013 0:00,423
Horticulture,Brinjals,Bag,44,1851.0,7/1/2013 0:00,424
Horticulture,Cauliflower,crate,39,2333.0,7/1/2013 0:00,425
Horticulture,Lettuce,Bag,51,3246.0,7/1/2013 0:00,426
Horticulture,Passion Fruits,Bag,57,3740.0,7/1/2013 0:00,427
Horticulture,Oranges,Bag,93,2718.0,7/1/2013 0:00,428
Horticulture,Lemons,Bag,95,2023.0,7/1/2013 0:00,429
Horticulture,Mangoes Local,Bag,126,2208.0,7/1/2013 0:00,430
Horticulture,Mangoes Ngowe,Sm Basket,25,1064.0,7/1/2013 0:00,431
Horticulture,Limes,net,13,507.0,7/1/2013 0:00,432
Horticulture,Pineapples,Dozen,13,688.0,7/1/2013 0:00,433
Horticulture,Pawpaw,Lg Box,54,1609.0,7/1/2013 0:00,434
Horticulture,Avocado,Bag,90,2202.0,7/1/2013 0:00,435
Horticulture,Kales,Bag,50,1556.0,7/1/2013 0:00,436
Horticulture,Cauliflower,crate,39,2099.0,8/1/2013 0:00,437
Horticulture,Cabbages,Ext Bag,126,2433.0,8/1/2013 0:00,438
Horticulture,Cooking Bananas,Med Bunch,22,500.0,8/1/2013 0:00,439
Horticulture,Ripe Bananas,Med Bunch,14,553.0,8/1/2013 0:00,440
Horticulture,Carrots,Ext Bag,138,3469.0,8/1/2013 0:00,441
Horticulture,Tomatoes,Lg Box,64,2653.0,8/1/2013 0:00,442
Horticulture,Onions Dry,net,13,894.0,8/1/2013 0:00,443
Horticulture,Spring Onions,Bag,142,1820.0,8/1/2013 0:00,444
Horticulture,Chillies,Bag,38,2321.0,8/1/2013 0:00,445
Horticulture,Cucumber,Bag,50,2323.0,8/1/2013 0:00,446
Horticulture,Capsicums,Bag,50,3077.0,8/1/2013 0:00,447
Horticulture,Brinjals,Bag,44,1705.0,8/1/2013 0:00,448
Horticulture,Lettuce,Bag,51,3553.0,8/1/2013 0:00,449
Horticulture,Passion Fruits,Bag,57,4518.0,8/1/2013 0:00,450
Horticulture,Oranges,Bag,93,2878.0,8/1/2013 0:00,451
Horticulture,Lemons,Bag,95,1889.0,8/1/2013 0:00,452
Horticulture,Mangoes Local,Bag,126,2255.0,8/1/2013 0:00,453
Horticulture,Mangoes Ngowe,Sm Basket,25,1257.0,8/1/2013 0:00,454
Horticulture,Limes,net,13,645.0,8/1/2013 0:00,455
Horticulture,Pineapples,Dozen,13,710.0,8/1/2013 0:00,456
Horticulture,Pawpaw,Lg Box,54,1411.0,8/1/2013 0:00,457
Horticulture,Avocado,Bag,90,2031.0,8/1/2013 0:00,458
Horticulture,Kales,Bag,50,1257.0,8/1/2013 0:00,459
Horticulture,Cabbages,Ext Bag,126,2350.0,9/1/2013 0:00,460
Horticulture,Cooking Bananas,Med Bunch,22,510.0,9/1/2013 0:00,461
Horticulture,Ripe Bananas,Med Bunch,14,568.0,9/1/2013 0:00,462
Horticulture,Carrots,Ext Bag,138,4340.0,9/1/2013 0:00,463
Horticulture,Tomatoes,Lg Box,64,2446.0,9/1/2013 0:00,464
Horticulture,Onions Dry,net,13,862.0,9/1/2013 0:00,465
Horticulture,Spring Onions,Bag,142,1950.0,9/1/2013 0:00,466
Horticulture,Chillies,Bag,38,2353.0,9/1/2013 0:00,467
Horticulture,Cucumber,Bag,50,1784.0,9/1/2013 0:00,468
Horticulture,Capsicums,Bag,50,2846.0,9/1/2013 0:00,469
Horticulture,Brinjals,Bag,44,1763.0,9/1/2013 0:00,470
Horticulture,Kales,Bag,50,1086.0,9/1/2013 0:00,471
Horticulture,Cauliflower,crate,39,1901.0,9/1/2013 0:00,472
Horticulture,Lettuce,Bag,51,3205.0,9/1/2013 0:00,473
Horticulture,Passion Fruits,Bag,57,3728.0,9/1/2013 0:00,474
Horticulture,Oranges,Bag,93,2956.0,9/1/2013 0:00,475
Horticulture,Lemons,Bag,95,2077.0,9/1/2013 0:00,476
Horticulture,Mangoes Local,Bag,126,2688.0,9/1/2013 0:00,477
Horticulture,Mangoes Ngowe,Sm Basket,25,1262.0,9/1/2013 0:00,478
Horticulture,Limes,net,13,771.0,9/1/2013 0:00,479
Horticulture,Pineapples,Dozen,13,711.0,9/1/2013 0:00,480
Horticulture,Pawpaw,Lg Box,54,1562.0,9/1/2013 0:00,481
Horticulture,Avocado,Bag,90,2070.0,9/1/2013 0:00,482
Horticulture,Oranges,Bag,93,3104.0,10/1/2013 0:00,483
Horticulture,Cabbages,Ext Bag,126,1992.0,10/1/2013 0:00,484
Horticulture,Cooking Bananas,Med Bunch,22,513.0,10/1/2013 0:00,485
Horticulture,Ripe Bananas,Med Bunch,14,565.0,10/1/2013 0:00,486
Horticulture,Carrots,Ext Bag,138,4390.0,10/1/2013 0:00,487
Horticulture,Tomatoes,Lg Box,64,2862.0,10/1/2013 0:00,488
Horticulture,Onions Dry,net,13,845.0,10/1/2013 0:00,489
Horticulture,Spring Onions,Bag,142,1978.0,10/1/2013 0:00,490
Horticulture,Chillies,Bag,38,2325.0,10/1/2013 0:00,491
Horticulture,Cucumber,Bag,50,2259.0,10/1/2013 0:00,492
Horticulture,Capsicums,Bag,50,2515.0,10/1/2013 0:00,493
Horticulture,Brinjals,Bag,44,1657.0,10/1/2013 0:00,494
Horticulture,Cauliflower,crate,39,1964.0,10/1/2013 0:00,495
Horticulture,Lettuce,Bag,51,3044.0,10/1/2013 0:00,496
Horticulture,Passion Fruits,Bag,57,3572.0,10/1/2013 0:00,497
Horticulture,Lemons,Bag,95,2292.0,10/1/2013 0:00,498
Horticulture,Mangoes Local,Bag,126,2259.0,10/1/2013 0:00,499
Horticulture,Mangoes Ngowe,Sm Basket,25,1200.0,10/1/2013 0:00,500
Horticulture,Limes,net,13,990.0,10/1/2013 0:00,501
Horticulture,Pineapples,Dozen,13,797.0,10/1/2013 0:00,502
Horticulture,Pawpaw,Lg Box,54,1466.0,10/1/2013 0:00,503
Horticulture,Avocado,Bag,90,2307.0,10/1/2013 0:00,504
Horticulture,Kales,Bag,50,849.0,10/1/2013 0:00,505
Horticulture,Kales,Bag,50,1013.0,11/1/2013 0:00,506
Horticulture,Cabbages,Ext Bag,126,1965.0,11/1/2013 0:00,507
Horticulture,Cooking Bananas,Med Bunch,22,519.0,11/1/2013 0:00,508
Horticulture,Ripe Bananas,Med Bunch,14,588.0,11/1/2013 0:00,509
Horticulture,Carrots,Ext Bag,138,4043.0,11/1/2013 0:00,510
Horticulture,Tomatoes,Lg Box,64,3141.0,11/1/2013 0:00,511
Horticulture,Onions Dry,net,13,844.0,11/1/2013 0:00,512
Horticulture,Spring Onions,Bag,142,2084.0,11/1/2013 0:00,513
Horticulture,Chillies,Bag,38,2349.0,11/1/2013 0:00,514
Horticulture,Cucumber,Bag,50,2094.0,11/1/2013 0:00,515
Horticulture,Capsicums,Bag,50,2219.0,11/1/2013 0:00,516
Horticulture,Brinjals,Bag,44,1636.0,11/1/2013 0:00,517
Horticulture,Cauliflower,crate,39,2067.0,11/1/2013 0:00,518
Horticulture,Lettuce,Bag,51,4072.0,11/1/2013 0:00,519
Horticulture,Passion Fruits,Bag,57,4129.0,11/1/2013 0:00,520
Horticulture,Oranges,Bag,93,2967.0,11/1/2013 0:00,521
Horticulture,Lemons,Bag,95,2560.0,11/1/2013 0:00,522
Horticulture,Mangoes Local,Bag,126,2034.0,11/1/2013 0:00,523
Horticulture,Avocado,Bag,90,2672.0,11/1/2013 0:00,524
Horticulture,Mangoes Ngowe,Sm Basket,25,1082.0,11/1/2013 0:00,525
Horticulture,Limes,net,13,902.0,11/1/2013 0:00,526
Horticulture,Pineapples,Dozen,13,826.0,11/1/2013 0:00,527
Horticulture,Pawpaw,Lg Box,54,1507.0,11/1/2013 0:00,528
Horticulture,Kales,Bag,50,953.0,12/1/2013 0:00,529
Horticulture,Carrots,Ext Bag,138,3498.0,12/1/2013 0:00,530
Horticulture,Tomatoes,Lg Box,64,2897.0,12/1/2013 0:00,531
Horticulture,Onions Dry,net,13,862.0,12/1/2013 0:00,532
Horticulture,Spring Onions,Bag,142,1755.0,12/1/2013 0:00,533
Horticulture,Chillies,Bag,38,2357.0,12/1/2013 0:00,534
Horticulture,Cucumber,Bag,50,1843.0,12/1/2013 0:00,535
Horticulture,Capsicums,Bag,50,2195.0,12/1/2013 0:00,536
Horticulture,Brinjals,Bag,44,1471.0,12/1/2013 0:00,537
Horticulture,Cauliflower,crate,39,2373.0,12/1/2013 0:00,538
Horticulture,Lettuce,Bag,51,3571.0,12/1/2013 0:00,539
Horticulture,Passion Fruits,Bag,57,3500.0,12/1/2013 0:00,540
Horticulture,Oranges,Bag,93,2556.0,12/1/2013 0:00,541
Horticulture,Ripe Bananas,Med Bunch,14,638.0,12/1/2013 0:00,542
Horticulture,Lemons,Bag,95,2569.0,12/1/2013 0:00,543
Horticulture,Mangoes Local,Bag,126,1872.0,12/1/2013 0:00,544
Horticulture,Mangoes Ngowe,Sm Basket,25,1085.0,12/1/2013 0:00,545
Horticulture,Limes,net,13,776.0,12/1/2013 0:00,546
Horticulture,Pineapples,Dozen,13,824.0,12/1/2013 0:00,547
Horticulture,Pawpaw,Lg Box,54,1498.0,12/1/2013 0:00,548
Horticulture,Cooking Bananas,Med Bunch,22,521.0,12/1/2013 0:00,549
Horticulture,Avocado,Bag,90,2303.0,12/1/2013 0:00,550
Horticulture,Cabbages,Ext Bag,126,1728.0,12/1/2013 0:00,551
Horticulture,Cooking Bananas,Med Bunch,22,473.0,1/1/2015 0:00,552
Horticulture,Cabbages,Ext Bag,126,2245.0,1/1/2015 0:00,553
Horticulture,Kales,Bag,50,1227.0,1/1/2015 0:00,554
Horticulture,Avocado,Bag,90,2379.0,1/1/2015 0:00,555
Horticulture,Pawpaw,Lg Box,54,1563.0,1/1/2015 0:00,556
Horticulture,Pineapples,Dozen,13,796.0,1/1/2015 0:00,557
Horticulture,Limes,net,13,648.0,1/1/2015 0:00,558
Horticulture,Mangoes Ngowe,Sm Basket,25,1170.0,1/1/2015 0:00,559
Horticulture,Mangoes Local,Bag,126,1963.0,1/1/2015 0:00,560
Horticulture,Lemons,Bag,95,2540.0,1/1/2015 0:00,561
Horticulture,Oranges,Bag,93,3795.0,1/1/2015 0:00,562
Horticulture,Passion Fruits,Bag,57,4037.0,1/1/2015 0:00,563
Horticulture,Lettuce,Bag,51,2192.0,1/1/2015 0:00,564
Horticulture,Cauliflower,crate,39,2091.0,1/1/2015 0:00,565
Horticulture,Brinjals,Bag,44,1786.0,1/1/2015 0:00,566
Horticulture,Capsicums,Bag,50,2978.0,1/1/2015 0:00,567
Horticulture,Cucumber,Bag,50,1810.0,1/1/2015 0:00,568
Horticulture,Chillies,Bag,38,2624.0,1/1/2015 0:00,569
Horticulture,Spring Onions,Bag,142,1836.0,1/1/2015 0:00,570
Horticulture,Onions Dry,net,13,813.0,1/1/2015 0:00,571
Horticulture,Tomatoes,Lg Box,64,4097.0,1/1/2015 0:00,572
Horticulture,Carrots,Ext Bag,138,2840.0,1/1/2015 0:00,573
Horticulture,Ripe Bananas,Med Bunch,14,568.0,1/1/2015 0:00,574
Horticulture,Mangoes Local,Bag,126,2201.0,2/1/2015 0:00,575
Horticulture,Chillies,Bag,38,2816.0,2/1/2015 0:00,576
Horticulture,Capsicums,Bag,50,2922.0,2/1/2015 0:00,577
Horticulture,Cabbages,Ext Bag,126,2335.0,2/1/2015 0:00,578
Horticulture,Limes,net,13,688.0,2/1/2015 0:00,579
Horticulture,Mangoes Ngowe,Sm Basket,25,1051.0,2/1/2015 0:00,580
Horticulture,Oranges,Bag,93,3384.0,2/1/2015 0:00,581
Horticulture,Brinjals,Bag,44,2126.0,2/1/2015 0:00,582
Horticulture,Kales,Bag,50,2076.0,2/1/2015 0:00,583
Horticulture,Tomatoes,Lg Box,64,4455.0,2/1/2015 0:00,584
Horticulture,Carrots,Ext Bag,138,3134.0,2/1/2015 0:00,585
Horticulture,Spring Onions,Bag,142,1585.0,2/1/2015 0:00,586
Horticulture,Cucumber,Bag,50,2568.0,2/1/2015 0:00,587
Horticulture,Ripe Bananas,Med Bunch,14,615.0,2/1/2015 0:00,588
Horticulture,Cooking Bananas,Med Bunch,22,527.0,2/1/2015 0:00,589
Horticulture,Pawpaw,Lg Box,54,2005.0,2/1/2015 0:00,590
Horticulture,Lemons,Bag,95,2452.0,2/1/2015 0:00,591
Horticulture,Lettuce,Bag,51,2555.0,2/1/2015 0:00,592
Horticulture,Onions Dry,net,13,840.0,2/1/2015 0:00,593
Horticulture,Passion Fruits,Bag,57,4008.0,2/1/2015 0:00,594
Horticulture,Pineapples,Dozen,13,751.0,2/1/2015 0:00,595
Horticulture,Avocado,Bag,90,2204.0,2/1/2015 0:00,596
Horticulture,Cauliflower,crate,39,2566.0,2/1/2015 0:00,597
Horticulture,Ripe Bananas,Med Bunch,14,571.0,3/1/2015 0:00,598
Horticulture,Cabbages,Ext Bag,126,2684.0,3/1/2015 0:00,599
Horticulture,Pawpaw,Lg Box,54,1922.0,3/1/2015 0:00,600
Horticulture,Avocado,Bag,90,2155.0,3/1/2015 0:00,601
Horticulture,Carrots,Ext Bag,138,3634.0,3/1/2015 0:00,602
Horticulture,Chillies,Bag,38,3019.0,3/1/2015 0:00,603
Horticulture,Onions Dry,net,13,975.0,3/1/2015 0:00,604
Horticulture,Mangoes Local,Bag,126,2525.0,3/1/2015 0:00,605
Horticulture,Brinjals,Bag,44,2072.0,3/1/2015 0:00,606
Horticulture,Cauliflower,crate,39,2913.0,3/1/2015 0:00,607
Horticulture,Oranges,Bag,93,3357.0,3/1/2015 0:00,608
Horticulture,Kales,Bag,50,2359.0,3/1/2015 0:00,609
Horticulture,Mangoes Ngowe,Sm Basket,25,1055.0,3/1/2015 0:00,610
Horticulture,Limes,net,13,757.0,3/1/2015 0:00,611
Horticulture,Passion Fruits,Bag,57,4137.0,3/1/2015 0:00,612
Horticulture,Tomatoes,Lg Box,64,4504.0,3/1/2015 0:00,613
Horticulture,Spring Onions,Bag,142,1792.0,3/1/2015 0:00,614
Horticulture,Capsicums,Bag,50,3009.0,3/1/2015 0:00,615
Horticulture,Lemons,Bag,95,2443.0,3/1/2015 0:00,616
Horticulture,Cooking Bananas,Med Bunch,22,553.0,3/1/2015 0:00,617
Horticulture,Lettuce,Bag,51,2585.0,3/1/2015 0:00,618
Horticulture,Pineapples,Dozen,13,756.0,3/1/2015 0:00,619
Horticulture,Cucumber,Bag,50,2384.0,3/1/2015 0:00,620
Horticulture,Cabbages,Ext Bag,126,2967.0,4/1/2015 0:00,621
Horticulture,Pineapples,Dozen,13,782.0,4/1/2015 0:00,622
Horticulture,Spring Onions,Bag,142,2059.0,4/1/2015 0:00,623
Horticulture,Cauliflower,crate,39,3375.0,4/1/2015 0:00,624
Horticulture,Cooking Bananas,Med Bunch,22,550.0,4/1/2015 0:00,625
Horticulture,Avocado,Bag,90,2210.0,4/1/2015 0:00,626
Horticulture,Mangoes Ngowe,Sm Basket,25,1106.0,4/1/2015 0:00,627
Horticulture,Capsicums,Bag,50,2508.0,4/1/2015 0:00,628
Horticulture,Cucumber,Bag,50,2145.0,4/1/2015 0:00,629
Horticulture,Kales,Bag,50,2006.0,4/1/2015 0:00,630
Horticulture,Chillies,Bag,38,2968.0,4/1/2015 0:00,631
Horticulture,Carrots,Ext Bag,138,4497.0,4/1/2015 0:00,632
Horticulture,Pawpaw,Lg Box,54,1829.0,4/1/2015 0:00,633
Horticulture,Onions Dry,net,13,1074.0,4/1/2015 0:00,634
Horticulture,Ripe Bananas,Med Bunch,14,535.0,4/1/2015 0:00,635
Horticulture,Tomatoes,Lg Box,64,5277.0,4/1/2015 0:00,636
Horticulture,Passion Fruits,Bag,57,4365.0,4/1/2015 0:00,637
Horticulture,Mangoes Local,Bag,126,2407.0,4/1/2015 0:00,638
Horticulture,Lettuce,Bag,51,3124.0,4/1/2015 0:00,639
Horticulture,Brinjals,Bag,44,1803.0,4/1/2015 0:00,640
Horticulture,Limes,net,13,986.0,4/1/2015 0:00,641
Horticulture,Oranges,Bag,93,3216.0,4/1/2015 0:00,642
Horticulture,Lemons,Bag,95,2611.0,4/1/2015 0:00,643
Horticulture,Cauliflower,crate,39,3338.0,5/1/2015 0:00,644
Horticulture,Kales,Bag,50,1229.0,5/1/2015 0:00,645
Horticulture,Lettuce,Bag,51,2964.0,5/1/2015 0:00,646
Horticulture,Ripe Bananas,Med Bunch,14,550.0,5/1/2015 0:00,647
Horticulture,Passion Fruits,Bag,57,4492.0,5/1/2015 0:00,648
Horticulture,Pawpaw,Lg Box,54,1683.0,5/1/2015 0:00,649
Horticulture,Mangoes Ngowe,Sm Basket,25,930.0,5/1/2015 0:00,650
Horticulture,Mangoes Local,Bag,126,2315.0,5/1/2015 0:00,651
Horticulture,Oranges,Bag,93,3261.0,5/1/2015 0:00,652
Horticulture,Capsicums,Bag,50,2072.0,5/1/2015 0:00,653
Horticulture,Cucumber,Bag,50,2031.0,5/1/2015 0:00,654
Horticulture,Lemons,Bag,95,2573.0,5/1/2015 0:00,655
Horticulture,Pineapples,Dozen,13,801.0,5/1/2015 0:00,656
Horticulture,Brinjals,Bag,44,1656.0,5/1/2015 0:00,657
Horticulture,Spring Onions,Bag,142,1850.0,5/1/2015 0:00,658
Horticulture,Cabbages,Ext Bag,126,2643.0,5/1/2015 0:00,659
Horticulture,Cooking Bananas,Med Bunch,22,612.0,5/1/2015 0:00,660
Horticulture,Tomatoes,Lg Box,64,5664.0,5/1/2015 0:00,661
Horticulture,Onions Dry,net,13,1169.0,5/1/2015 0:00,662
Horticulture,Chillies,Bag,38,2131.0,5/1/2015 0:00,663
Horticulture,Carrots,Ext Bag,138,4858.0,5/1/2015 0:00,664
Horticulture,Avocado,Bag,90,2156.0,5/1/2015 0:00,665
Horticulture,Limes,net,13,1135.0,5/1/2015 0:00,666
Horticulture,Cauliflower,crate,39,2455.0,6/1/2015 0:00,667
Horticulture,Tomatoes,Lg Box,64,5128.0,6/1/2015 0:00,668
Horticulture,Limes,net,13,1051.0,6/1/2015 0:00,669
Horticulture,Mangoes Local,Bag,126,2275.0,6/1/2015 0:00,670
Horticulture,Chillies,Bag,38,2153.0,6/1/2015 0:00,671
Horticulture,Avocado,Bag,90,2166.0,6/1/2015 0:00,672
Horticulture,Ripe Bananas,Med Bunch,14,552.0,6/1/2015 0:00,673
Horticulture,Capsicums,Bag,50,2145.0,6/1/2015 0:00,674
Horticulture,Cooking Bananas,Med Bunch,22,608.0,6/1/2015 0:00,675
Horticulture,Pineapples,Dozen,13,836.0,6/1/2015 0:00,676
Horticulture,Carrots,Ext Bag,138,5715.0,6/1/2015 0:00,677
Horticulture,Lemons,Bag,95,2387.0,6/1/2015 0:00,678
Horticulture,Mangoes Ngowe,Sm Basket,25,963.0,6/1/2015 0:00,679
Horticulture,Pawpaw,Lg Box,54,1688.0,6/1/2015 0:00,680
Horticulture,Passion Fruits,Bag,57,4675.0,6/1/2015 0:00,681
Horticulture,Cabbages,Ext Bag,126,2179.0,6/1/2015 0:00,682
Horticulture,Oranges,Bag,93,3193.0,6/1/2015 0:00,683
Horticulture,Cucumber,Bag,50,1624.0,6/1/2015 0:00,684
Horticulture,Lettuce,Bag,51,2110.0,6/1/2015 0:00,685
Horticulture,Brinjals,Bag,44,1498.0,6/1/2015 0:00,686
Horticulture,Onions Dry,net,13,1259.0,6/1/2015 0:00,687
Horticulture,Spring Onions,Bag,142,1798.0,6/1/2015 0:00,688
Horticulture,Kales,Bag,50,1197.0,6/1/2015 0:00,689
Horticulture,Brinjals,Bag,44,1511.0,7/1/2015 0:00,690
Horticulture,Passion Fruits,Bag,57,4582.0,7/1/2015 0:00,691
Horticulture,Cauliflower,crate,39,2902.0,7/1/2015 0:00,692
Horticulture,Spring Onions,Bag,142,1797.0,7/1/2015 0:00,693
Horticulture,Mangoes Local,Bag,126,2185.0,7/1/2015 0:00,694
Horticulture,Ripe Bananas,Med Bunch,14,529.0,7/1/2015 0:00,695
Horticulture,Cooking Bananas,Med Bunch,22,589.0,7/1/2015 0:00,696
Horticulture,Cucumber,Bag,50,2159.0,7/1/2015 0:00,697
Horticulture,Capsicums,Bag,50,2283.0,7/1/2015 0:00,698
Horticulture,Limes,net,13,959.0,7/1/2015 0:00,699
Horticulture,Chillies,Bag,38,1955.0,7/1/2015 0:00,700
Horticulture,Cabbages,Ext Bag,126,1610.0,7/1/2015 0:00,701
Horticulture,Kales,Bag,50,1175.0,7/1/2015 0:00,702
Horticulture,Onions Dry,net,13,1032.0,7/1/2015 0:00,703
Horticulture,Avocado,Bag,90,2070.0,7/1/2015 0:00,704
Horticulture,Mangoes Ngowe,Sm Basket,25,992.0,7/1/2015 0:00,705
Horticulture,Pawpaw,Lg Box,54,1823.0,7/1/2015 0:00,706
Horticulture,Tomatoes,Lg Box,64,3969.0,7/1/2015 0:00,707
Horticulture,Oranges,Bag,93,3348.0,7/1/2015 0:00,708
Horticulture,Carrots,Ext Bag,138,4490.0,7/1/2015 0:00,709
Horticulture,Lettuce,Bag,51,2476.0,7/1/2015 0:00,710
Horticulture,Pineapples,Dozen,13,757.0,7/1/2015 0:00,711
Horticulture,Lemons,Bag,95,2455.0,7/1/2015 0:00,712
Cereals,Dry Maize,Bag,90,2832.0,1/1/2013 0:00,713
Cereals,Green Maize,Ext Bag,115,2471.0,1/1/2013 0:00,714
Cereals,Finger Millet,Bag,90,6012.0,1/1/2013 0:00,715
Cereals,Sorghum,Bag,90,3306.0,1/1/2013 0:00,716
Cereals,Wheat,Bag,90,4058.0,1/1/2013 0:00,717
Legumes,Beans Canadian,Bag,90,5729.0,1/1/2013 0:00,718
Legumes,Beans Rosecoco,Bag,90,5498.0,1/1/2013 0:00,719
Legumes,Beans Mwitemania,Bag,90,5132.0,1/1/2013 0:00,720
Legumes,Mwezi Moja,Bag,90,5512.0,1/1/2013 0:00,721
Legumes,Dolichos (Njahi),Bag,90,7383.0,1/1/2013 0:00,722
Legumes,Green Gram,Bag,90,6784.0,1/1/2013 0:00,723
Legumes,Cowpeas,Bag,90,5053.0,1/1/2013 0:00,724
Legumes,Fresh Peas,Bag,51,2817.0,1/1/2013 0:00,725
Legumes,Groundnuts,Bag,110,10679.0,1/1/2013 0:00,726
Roots & Tubers,Red Irish Potatoes,Bag,110,2969.0,1/1/2013 0:00,727
Roots & Tubers,White Irish Potatoes,Bag,110,3007.0,1/1/2013 0:00,728
Roots & Tubers,Cassava Fresh,Bag,99,1735.0,1/1/2013 0:00,729
Roots & Tubers,Sweet Potatoes,Bag,98,2526.0,1/1/2013 0:00,730
Cereals,Dry Maize,Bag,90,2857.0,2/1/2013 0:00,731
Cereals,Green Maize,Ext Bag,115,2963.0,2/1/2013 0:00,732
Cereals,Finger Millet,Bag,90,6213.0,2/1/2013 0:00,733
Cereals,Sorghum,Bag,90,3626.0,2/1/2013 0:00,734
Cereals,Wheat,Bag,90,4071.0,2/1/2013 0:00,735
Legumes,Beans Canadian,Bag,90,5643.0,2/1/2013 0:00,736
Legumes,Beans Rosecoco,Bag,90,5390.0,2/1/2013 0:00,737
Legumes,Beans Mwitemania,Bag,90,5226.0,2/1/2013 0:00,738
Legumes,Mwezi Moja,Bag,90,5261.0,2/1/2013 0:00,739
Legumes,Dolichos (Njahi),Bag,90,7875.0,2/1/2013 0:00,740
Legumes,Green Gram,Bag,90,7340.0,2/1/2013 0:00,741
Legumes,Cowpeas,Bag,90,5101.0,2/1/2013 0:00,742
Legumes,Fresh Peas,Bag,51,3422.0,2/1/2013 0:00,743
Legumes,Groundnuts,Bag,110,10326.0,2/1/2013 0:00,744
Roots & Tubers,Red Irish Potatoes,Bag,110,3143.0,2/1/2013 0:00,745
Roots & Tubers,White Irish Potatoes,Bag,110,2892.0,2/1/2013 0:00,746
Roots & Tubers,Cassava Fresh,Bag,99,1685.0,2/1/2013 0:00,747
Roots & Tubers,Sweet Potatoes,Bag,98,3140.0,2/1/2013 0:00,748
Cereals,Dry Maize,Bag,90,2880.0,3/1/2013 0:00,749
Cereals,Green Maize,Ext Bag,115,2840.0,3/1/2013 0:00,750
Cereals,Finger Millet,Bag,90,5890.0,3/1/2013 0:00,751
Cereals,Sorghum,Bag,90,3605.0,3/1/2013 0:00,752
Cereals,Wheat,Bag,90,3911.0,3/1/2013 0:00,753
Legumes,Beans Canadian,Bag,90,5475.0,3/1/2013 0:00,754
Legumes,Beans Rosecoco,Bag,90,5712.0,3/1/2013 0:00,755
Legumes,Beans Mwitemania,Bag,90,5241.0,3/1/2013 0:00,756
Legumes,Mwezi Moja,Bag,90,5529.0,3/1/2013 0:00,757
Legumes,Dolichos (Njahi),Bag,90,7473.0,3/1/2013 0:00,758
Legumes,Green Gram,Bag,90,7352.0,3/1/2013 0:00,759
Legumes,Cowpeas,Bag,90,6005.0,3/1/2013 0:00,760
Legumes,Fresh Peas,Bag,51,2908.0,3/1/2013 0:00,761
Legumes,Groundnuts,Bag,110,10938.0,3/1/2013 0:00,762
Roots & Tubers,Red Irish Potatoes,Bag,110,2987.0,3/1/2013 0:00,763
Roots & Tubers,White Irish Potatoes,Bag,110,2854.0,3/1/2013 0:00,764
Roots & Tubers,Cassava Fresh,Bag,99,1941.0,3/1/2013 0:00,765
Roots & Tubers,Sweet Potatoes,Bag,98,2645.0,3/1/2013 0:00,766
Cereals,Dry Maize,Bag,90,2837.0,4/1/2013 0:00,767
Cereals,Green Maize,Ext Bag,115,3006.0,4/1/2013 0:00,768
Cereals,Finger Millet,Bag,90,5929.0,4/1/2013 0:00,769
Cereals,Sorghum,Bag,90,3554.0,4/1/2013 0:00,770
Cereals,Wheat,Bag,90,4024.0,4/1/2013 0:00,771
Legumes,Beans Canadian,Bag,90,5822.0,4/1/2013 0:00,772
Legumes,Beans Rosecoco,Bag,90,6202.0,4/1/2013 0:00,773
Legumes,Beans Mwitemania,Bag,90,5602.0,4/1/2013 0:00,774
Legumes,Mwezi Moja,Bag,90,5774.0,4/1/2013 0:00,775
Legumes,Dolichos (Njahi),Bag,90,7780.0,4/1/2013 0:00,776
Legumes,Green Gram,Bag,90,7819.0,4/1/2013 0:00,777
Legumes,Cowpeas,Bag,90,5352.0,4/1/2013 0:00,778
Legumes,Fresh Peas,Bag,51,2852.0,4/1/2013 0:00,779
Legumes,Groundnuts,Bag,110,12269.0,4/1/2013 0:00,780
Roots & Tubers,Red Irish Potatoes,Bag,110,2671.0,4/1/2013 0:00,781
Roots & Tubers,White Irish Potatoes,Bag,110,2653.0,4/1/2013 0:00,782
Roots & Tubers,Cassava Fresh,Bag,99,2102.0,4/1/2013 0:00,783
Roots & Tubers,Sweet Potatoes,Bag,98,2728.0,4/1/2013 0:00,784
Cereals,Dry Maize,Bag,90,2838.0,5/1/2013 0:00,785
Cereals,Green Maize,Ext Bag,115,3847.0,5/1/2013 0:00,786
Cereals,Finger Millet,Bag,90,6321.0,5/1/2013 0:00,787
Cereals,Sorghum,Bag,90,3694.0,5/1/2013 0:00,788
Cereals,Wheat,Bag,90,4365.0,5/1/2013 0:00,789
Legumes,Beans Canadian,Bag,90,6046.0,5/1/2013 0:00,790
Legumes,Beans Rosecoco,Bag,90,6108.0,5/1/2013 0:00,791
Legumes,Beans Mwitemania,Bag,90,5846.0,5/1/2013 0:00,792
Legumes,Mwezi Moja,Bag,90,6432.0,5/1/2013 0:00,793
Legumes,Dolichos (Njahi),Bag,90,7892.0,5/1/2013 0:00,794
Legumes,Green Gram,Bag,90,7514.0,5/1/2013 0:00,795
Legumes,Cowpeas,Bag,90,5755.0,5/1/2013 0:00,796
Legumes,Fresh Peas,Bag,51,4343.0,5/1/2013 0:00,797
Legumes,Groundnuts,Bag,110,12019.0,5/1/2013 0:00,798
Roots & Tubers,Red Irish Potatoes,Bag,110,3240.0,5/1/2013 0:00,799
Roots & Tubers,White Irish Potatoes,Bag,110,3065.0,5/1/2013 0:00,800
Roots & Tubers,Cassava Fresh,Bag,99,2350.0,5/1/2013 0:00,801
Roots & Tubers,Sweet Potatoes,Bag,98,3185.0,5/1/2013 0:00,802
Cereals,Dry Maize,Bag,90,2747.0,6/1/2013 0:00,803
Cereals,Green Maize,Ext Bag,115,3229.0,6/1/2013 0:00,804
Cereals,Finger Millet,Bag,90,6182.0,6/1/2013 0:00,805
Cereals,Sorghum,Bag,90,3507.0,6/1/2013 0:00,806
Cereals,Wheat,Bag,90,4540.0,6/1/2013 0:00,807
Legumes,Beans Canadian,Bag,90,5858.0,6/1/2013 0:00,808
Legumes,Beans Rosecoco,Bag,90,5668.0,6/1/2013 0:00,809
Legumes,Beans Mwitemania,Bag,90,5205.0,6/1/2013 0:00,810
Legumes,Mwezi Moja,Bag,90,6060.0,6/1/2013 0:00,811
Legumes,Dolichos (Njahi),Bag,90,7908.0,6/1/2013 0:00,812
Legumes,Green Gram,Bag,90,7181.0,6/1/2013 0:00,813
Legumes,Cowpeas,Bag,90,5721.0,6/1/2013 0:00,814
Legumes,Fresh Peas,Bag,51,3163.0,6/1/2013 0:00,815
Legumes,Groundnuts,Bag,110,12112.0,6/1/2013 0:00,816
Roots & Tubers,Red Irish Potatoes,Bag,110,3275.0,6/1/2013 0:00,817
Roots & Tubers,White Irish Potatoes,Bag,110,3206.0,6/1/2013 0:00,818
Roots & Tubers,Cassava Fresh,Bag,99,1938.0,6/1/2013 0:00,819
Roots & Tubers,Sweet Potatoes,Bag,98,3259.0,6/1/2013 0:00,820
Cereals,Dry Maize,Bag,90,2722.0,7/1/2013 0:00,821
Cereals,Green Maize,Ext Bag,115,2924.0,7/1/2013 0:00,822
Cereals,Finger Millet,Bag,90,5795.0,7/1/2013 0:00,823
Cereals,Sorghum,Bag,90,3363.0,7/1/2013 0:00,824
Cereals,Wheat,Bag,90,4293.0,7/1/2013 0:00,825
Legumes,Beans Canadian,Bag,90,5459.0,7/1/2013 0:00,826
Legumes,Beans Rosecoco,Bag,90,5489.0,7/1/2013 0:00,827
Legumes,Beans Mwitemania,Bag,90,4997.0,7/1/2013 0:00,828
Legumes,Mwezi Moja,Bag,90,5285.0,7/1/2013 0:00,829
Legumes,Dolichos (Njahi),Bag,90,7576.0,7/1/2013 0:00,830
Legumes,Green Gram,Bag,90,6948.0,7/1/2013 0:00,831
Legumes,Cowpeas,Bag,90,5246.0,7/1/2013 0:00,832
Legumes,Fresh Peas,Bag,51,2614.0,7/1/2013 0:00,833
Legumes,Groundnuts,Bag,110,11216.0,7/1/2013 0:00,834
Roots & Tubers,Red Irish Potatoes,Bag,110,2940.0,7/1/2013 0:00,835
Roots & Tubers,White Irish Potatoes,Bag,110,2916.0,7/1/2013 0:00,836
Roots & Tubers,Cassava Fresh,Bag,99,2004.0,7/1/2013 0:00,837
Roots & Tubers,Sweet Potatoes,Bag,98,2957.0,7/1/2013 0:00,838
Cereals,Dry Maize,Bag,90,2703.0,8/1/2013 0:00,839
Cereals,Green Maize,Ext Bag,115,2475.0,8/1/2013 0:00,840
Cereals,Finger Millet,Bag,90,5767.0,8/1/2013 0:00,841
Cereals,Sorghum,Bag,90,3533.0,8/1/2013 0:00,842
Cereals,Wheat,Bag,90,4084.0,8/1/2013 0:00,843
Legumes,Beans Canadian,Bag,90,5434.0,8/1/2013 0:00,844
Legumes,Beans Rosecoco,Bag,90,5701.0,8/1/2013 0:00,845
Legumes,Beans Mwitemania,Bag,90,4972.0,8/1/2013 0:00,846
Legumes,Mwezi Moja,Bag,90,5086.0,8/1/2013 0:00,847
Legumes,Dolichos (Njahi),Bag,90,7580.0,8/1/2013 0:00,848
Legumes,Green Gram,Bag,90,6925.0,8/1/2013 0:00,849
Legumes,Cowpeas,Bag,90,5026.0,8/1/2013 0:00,850
Legumes,Fresh Peas,Bag,51,2539.0,8/1/2013 0:00,851
Legumes,Groundnuts,Bag,110,10877.0,8/1/2013 0:00,852
Roots & Tubers,Red Irish Potatoes,Bag,110,2950.0,8/1/2013 0:00,853
Roots & Tubers,White Irish Potatoes,Bag,110,2927.0,8/1/2013 0:00,854
Roots & Tubers,Cassava Fresh,Bag,99,1956.0,8/1/2013 0:00,855
Roots & Tubers,Sweet Potatoes,Bag,98,2604.0,8/1/2013 0:00,856
Cereals,Dry Maize,Bag,90,2829.0,9/1/2013 0:00,857
Cereals,Green Maize,Ext Bag,115,2630.0,9/1/2013 0:00,858
Cereals,Finger Millet,Bag,90,5820.0,9/1/2013 0:00,859
Cereals,Sorghum,Bag,90,3471.0,9/1/2013 0:00,860
Cereals,Wheat,Bag,90,4024.0,9/1/2013 0:00,861
Legumes,Beans Canadian,Bag,90,5547.0,9/1/2013 0:00,862
Legumes,Beans Rosecoco,Bag,90,5973.0,9/1/2013 0:00,863
Legumes,Beans Mwitemania,Bag,90,5220.0,9/1/2013 0:00,864
Legumes,Mwezi Moja,Bag,90,5480.0,9/1/2013 0:00,865
Legumes,Dolichos (Njahi),Bag,90,7323.0,9/1/2013 0:00,866
Legumes,Green Gram,Bag,90,7160.0,9/1/2013 0:00,867
Legumes,Cowpeas,Bag,90,5227.0,9/1/2013 0:00,868
Legumes,Fresh Peas,Bag,51,2856.0,9/1/2013 0:00,869
Legumes,Groundnuts,Bag,110,11481.0,9/1/2013 0:00,870
Roots & Tubers,Red Irish Potatoes,Bag,110,3045.0,9/1/2013 0:00,871
Roots & Tubers,White Irish Potatoes,Bag,110,3014.0,9/1/2013 0:00,872
Roots & Tubers,Cassava Fresh,Bag,99,2175.0,9/1/2013 0:00,873
Roots & Tubers,Sweet Potatoes,Bag,98,2655.0,9/1/2013 0:00,874
Cereals,Dry Maize,Bag,90,2943.0,10/1/2013 0:00,875
Cereals,Green Maize,Ext Bag,115,2451.0,10/1/2013 0:00,876
Cereals,Finger Millet,Bag,90,6032.0,10/1/2013 0:00,877
Cereals,Sorghum,Bag,90,3629.0,10/1/2013 0:00,878
Cereals,Wheat,Bag,90,3524.0,10/1/2013 0:00,879
Legumes,Beans Canadian,Bag,90,5984.0,10/1/2013 0:00,880
Legumes,Beans Rosecoco,Bag,90,5943.0,10/1/2013 0:00,881
Legumes,Beans Mwitemania,Bag,90,5366.0,10/1/2013 0:00,882
Legumes,Mwezi Moja,Bag,90,5869.0,10/1/2013 0:00,883
Legumes,Dolichos (Njahi),Bag,90,7079.0,10/1/2013 0:00,884
Legumes,Green Gram,Bag,90,7461.0,10/1/2013 0:00,885
Legumes,Cowpeas,Bag,90,5322.0,10/1/2013 0:00,886
Legumes,Fresh Peas,Bag,51,2537.0,10/1/2013 0:00,887
Legumes,Groundnuts,Bag,110,11555.0,10/1/2013 0:00,888
Roots & Tubers,Red Irish Potatoes,Bag,110,3124.0,10/1/2013 0:00,889
Roots & Tubers,White Irish Potatoes,Bag,110,3014.0,10/1/2013 0:00,890
Roots & Tubers,Cassava Fresh,Bag,99,1896.0,10/1/2013 0:00,891
Roots & Tubers,Sweet Potatoes,Bag,98,2746.0,10/1/2013 0:00,892
Cereals,Dry Maize,Bag,90,3033.0,11/1/2013 0:00,893
Cereals,Green Maize,Ext Bag,115,2836.0,11/1/2013 0:00,894
Cereals,Finger Millet,Bag,90,6072.0,11/1/2013 0:00,895
Cereals,Sorghum,Bag,90,3780.0,11/1/2013 0:00,896
Cereals,Wheat,Bag,90,3697.0,11/1/2013 0:00,897
Legumes,Beans Canadian,Bag,90,6225.0,11/1/2013 0:00,898
Legumes,Beans Rosecoco,Bag,90,5973.0,11/1/2013 0:00,899
Legumes,Beans Mwitemania,Bag,90,5374.0,11/1/2013 0:00,900
Legumes,Mwezi Moja,Bag,90,5939.0,11/1/2013 0:00,901
Legumes,Dolichos (Njahi),Bag,90,7127.0,11/1/2013 0:00,902
Legumes,Green Gram,Bag,90,7916.0,11/1/2013 0:00,903
Legumes,Cowpeas,Bag,90,5782.0,11/1/2013 0:00,904
Legumes,Fresh Peas,Bag,51,2272.0,11/1/2013 0:00,905
Legumes,Groundnuts,Bag,110,11877.0,11/1/2013 0:00,906
Roots & Tubers,Red Irish Potatoes,Bag,110,3326.0,11/1/2013 0:00,907
Roots & Tubers,White Irish Potatoes,Bag,110,3291.0,11/1/2013 0:00,908
Roots & Tubers,Cassava Fresh,Bag,99,2023.0,11/1/2013 0:00,909
Roots & Tubers,Sweet Potatoes,Bag,98,2862.0,11/1/2013 0:00,910
Cereals,Dry Maize,Bag,90,3037.0,12/1/2013 0:00,911
Cereals,Green Maize,Ext Bag,115,3050.0,12/1/2013 0:00,912
Cereals,Finger Millet,Bag,90,5823.0,12/1/2013 0:00,913
Cereals,Sorghum,Bag,90,3851.0,12/1/2013 0:00,914
Cereals,Wheat,Bag,90,4144.0,12/1/2013 0:00,915
Legumes,Beans Canadian,Bag,90,5978.0,12/1/2013 0:00,916
Legumes,Beans Rosecoco,Bag,90,5942.0,12/1/2013 0:00,917
Legumes,Beans Mwitemania,Bag,90,5397.0,12/1/2013 0:00,918
Legumes,Mwezi Moja,Bag,90,5813.0,12/1/2013 0:00,919
Legumes,Dolichos (Njahi),Bag,90,7429.0,12/1/2013 0:00,920
Legumes,Green Gram,Bag,90,7916.0,12/1/2013 0:00,921
Legumes,Cowpeas,Bag,90,5702.0,12/1/2013 0:00,922
Legumes,Fresh Peas,Bag,51,2762.0,12/1/2013 0:00,923
Legumes,Groundnuts,Bag,110,11417.0,12/1/2013 0:00,924
Roots & Tubers,Red Irish Potatoes,Bag,110,3019.0,12/1/2013 0:00,925
Roots & Tubers,White Irish Potatoes,Bag,110,2967.0,12/1/2013 0:00,926
Roots & Tubers,Cassava Fresh,Bag,99,2068.0,12/1/2013 0:00,927
Roots & Tubers,Sweet Potatoes,Bag,98,2777.0,12/1/2013 0:00,928
Cereals,Dry Maize,Bag,90,2435.0,1/1/2015 0:00,929
Cereals,Green Maize,Ext Bag,115,3237.0,1/1/2015 0:00,930
Cereals,Finger Millet,Bag,90,6868.0,1/1/2015 0:00,931
Cereals,Sorghum,Bag,90,3756.0,1/1/2015 0:00,932
Cereals,Wheat,Bag,90,3477.0,1/1/2015 0:00,933
Legumes,Beans Canadian,Bag,90,6277.0,1/1/2015 0:00,934
Legumes,Beans Rosecoco,Bag,90,6111.0,1/1/2015 0:00,935
Legumes,Beans Mwitemania,Bag,90,5871.0,1/1/2015 0:00,936
Legumes,Mwezi Moja,Bag,90,5349.0,1/1/2015 0:00,937
Legumes,Dolichos (Njahi),Bag,90,7042.0,1/1/2015 0:00,938
Legumes,Green Gram,Bag,90,11143.0,1/1/2015 0:00,939
Legumes,Cowpeas,Bag,90,6764.0,1/1/2015 0:00,940
Legumes,Fresh Peas,Bag,51,2461.0,1/1/2015 0:00,941
Legumes,Groundnuts,Bag,110,11559.0,1/1/2015 0:00,942
Roots & Tubers,Red Irish Potatoes,Bag,110,2490.0,1/1/2015 0:00,943
Roots & Tubers,White Irish Potatoes,Bag,110,2515.0,1/1/2015 0:00,944
Roots & Tubers,Cassava Fresh,Bag,99,1753.0,1/1/2015 0:00,945
Roots & Tubers,Sweet Potatoes,Bag,98,2677.0,1/1/2015 0:00,946
Cereals,Dry Maize,Bag,90,2417.0,2/1/2015 0:00,947
Cereals,Green Maize,Ext Bag,115,2653.0,2/1/2015 0:00,948
Cereals,Finger Millet,Bag,90,6906.0,2/1/2015 0:00,949
Cereals,Sorghum,Bag,90,4202.0,2/1/2015 0:00,950
Cereals,Wheat,Bag,90,3662.0,2/1/2015 0:00,951
Legumes,Beans Canadian,Bag,90,6151.0,2/1/2015 0:00,952
Legumes,Beans Rosecoco,Bag,90,6484.0,2/1/2015 0:00,953
Legumes,Beans Mwitemania,Bag,90,6269.0,2/1/2015 0:00,954
Legumes,Mwezi Moja,Bag,90,4783.0,2/1/2015 0:00,955
Legumes,Dolichos (Njahi),Bag,90,8023.0,2/1/2015 0:00,956
Legumes,Green Gram,Bag,90,11535.0,2/1/2015 0:00,957
Legumes,Cowpeas,Bag,90,7208.0,2/1/2015 0:00,958
Legumes,Fresh Peas,Bag,51,2511.0,2/1/2015 0:00,959
Legumes,Groundnuts,Bag,110,11926.0,2/1/2015 0:00,960
Roots & Tubers,Red Irish Potatoes,Bag,110,2761.0,2/1/2015 0:00,961
Roots & Tubers,White Irish Potatoes,Bag,110,2690.0,2/1/2015 0:00,962
Roots & Tubers,Cassava Fresh,Bag,99,1893.0,2/1/2015 0:00,963
Roots & Tubers,Sweet Potatoes,Bag,98,2541.0,2/1/2015 0:00,964
Cereals,Dry Maize,Bag,90,2473.0,3/1/2015 0:00,965
Cereals,Green Maize,Ext Bag,115,2795.0,3/1/2015 0:00,966
Cereals,Finger Millet,Bag,90,6916.0,3/1/2015 0:00,967
Cereals,Sorghum,Bag,90,4183.0,3/1/2015 0:00,968
Cereals,Wheat,Bag,90,3739.0,3/1/2015 0:00,969
Legumes,Beans Canadian,Bag,90,6525.0,3/1/2015 0:00,970
Legumes,Beans Rosecoco,Bag,90,6850.0,3/1/2015 0:00,971
Legumes,Beans Mwitemania,Bag,90,6321.0,3/1/2015 0:00,972
Legumes,Mwezi Moja,Bag,90,5382.0,3/1/2015 0:00,973
Legumes,Dolichos (Njahi),Bag,90,8228.0,3/1/2015 0:00,974
Legumes,Green Gram,Bag,90,11315.0,3/1/2015 0:00,975
Legumes,Cowpeas,Bag,90,7436.0,3/1/2015 0:00,976
Legumes,Fresh Peas,Bag,51,3015.0,3/1/2015 0:00,977
Legumes,Groundnuts,Bag,110,,3/1/2015 0:00,978
Roots & Tubers,Red Irish Potatoes,Bag,110,2686.0,3/1/2015 0:00,979
Roots & Tubers,White Irish Potatoes,Bag,110,2556.0,3/1/2015 0:00,980
Roots & Tubers,Cassava Fresh,Bag,99,1940.0,3/1/2015 0:00,981
Roots & Tubers,Sweet Potatoes,Bag,98,2687.0,3/1/2015 0:00,982
Cereals,Dry Maize,Bag,90,2796.0,4/1/2015 0:00,983
Cereals,Green Maize,Ext Bag,115,3567.0,4/1/2015 0:00,984
Cereals,Finger Millet,Bag,90,7149.0,4/1/2015 0:00,985
Cereals,Sorghum,Bag,90,3816.0,4/1/2015 0:00,986
Cereals,Wheat,Bag,90,3628.0,4/1/2015 0:00,987
Legumes,Beans Canadian,Bag,90,7148.0,4/1/2015 0:00,988
Legumes,Beans Rosecoco,Bag,90,7124.0,4/1/2015 0:00,989
Legumes,Beans Mwitemania,Bag,90,6402.0,4/1/2015 0:00,990
Legumes,Mwezi Moja,Bag,90,5798.0,4/1/2015 0:00,991
Legumes,Dolichos (Njahi),Bag,90,9182.0,4/1/2015 0:00,992
Legumes,Green Gram,Bag,90,11454.0,4/1/2015 0:00,993
Legumes,Cowpeas,Bag,90,6983.0,4/1/2015 0:00,994
Legumes,Fresh Peas,Bag,51,3842.0,4/1/2015 0:00,995
Legumes,Groundnuts,Bag,110,,4/1/2015 0:00,996
Roots & Tubers,Red Irish Potatoes,Bag,110,3502.0,4/1/2015 0:00,997
Roots & Tubers,White Irish Potatoes,Bag,110,3511.0,4/1/2015 0:00,998
Roots & Tubers,Cassava Fresh,Bag,99,1941.0,4/1/2015 0:00,999
Roots & Tubers,Sweet Potatoes,Bag,98,2819.0,4/1/2015 0:00,1000
Cereals,Dry Maize,Bag,90,2925.0,5/1/2015 0:00,1001
Cereals,Green Maize,Ext Bag,115,3872.0,5/1/2015 0:00,1002
Cereals,Finger Millet,Bag,90,7216.0,5/1/2015 0:00,1003
Cereals,Sorghum,Bag,90,3877.0,5/1/2015 0:00,1004
Cereals,Wheat,Bag,90,3653.0,5/1/2015 0:00,1005
Legumes,Beans Canadian,Bag,90,7453.0,5/1/2015 0:00,1006
Legumes,Beans Rosecoco,Bag,90,7522.0,5/1/2015 0:00,1007
Legumes,Beans Mwitemania,Bag,90,6903.0,5/1/2015 0:00,1008
Legumes,Mwezi Moja,Bag,90,6426.0,5/1/2015 0:00,1009
Legumes,Dolichos (Njahi),Bag,90,10486.0,5/1/2015 0:00,1010
Legumes,Green Gram,Bag,90,11905.0,5/1/2015 0:00,1011
Legumes,Cowpeas,Bag,90,7509.0,5/1/2015 0:00,1012
Legumes,Fresh Peas,Bag,51,3924.0,5/1/2015 0:00,1013
Legumes,Groundnuts,Bag,110,12802.0,5/1/2015 0:00,1014
Roots & Tubers,Red Irish Potatoes,Bag,110,3812.0,5/1/2015 0:00,1015
Roots & Tubers,White Irish Potatoes,Bag,110,3935.0,5/1/2015 0:00,1016
Roots & Tubers,Cassava Fresh,Bag,99,1883.0,5/1/2015 0:00,1017
Roots & Tubers,Sweet Potatoes,Bag,98,2928.0,5/1/2015 0:00,1018
Cereals,Dry Maize,Bag,90,2883.0,6/1/2015 0:00,1019
Cereals,Green Maize,Ext Bag,115,3466.0,6/1/2015 0:00,1020
Cereals,Finger Millet,Bag,90,7155.0,6/1/2015 0:00,1021
Cereals,Sorghum,Bag,90,3845.0,6/1/2015 0:00,1022
Cereals,Wheat,Bag,90,3747.0,6/1/2015 0:00,1023
Legumes,Beans Canadian,Bag,90,7471.0,6/1/2015 0:00,1024
Legumes,Beans Rosecoco,Bag,90,7186.0,6/1/2015 0:00,1025
Legumes,Beans Mwitemania,Bag,90,6535.0,6/1/2015 0:00,1026
Legumes,Mwezi Moja,Bag,90,7279.0,6/1/2015 0:00,1027
Legumes,Dolichos (Njahi),Bag,90,9988.0,6/1/2015 0:00,1028
Legumes,Green Gram,Bag,90,10722.0,6/1/2015 0:00,1029
Legumes,Cowpeas,Bag,90,7315.0,6/1/2015 0:00,1030
Legumes,Fresh Peas,Bag,51,3505.0,6/1/2015 0:00,1031
Legumes,Groundnuts,Bag,110,12797.0,6/1/2015 0:00,1032
Roots & Tubers,Red Irish Potatoes,Bag,110,2776.0,6/1/2015 0:00,1033
Roots & Tubers,White Irish Potatoes,Bag,110,2978.0,6/1/2015 0:00,1034
Roots & Tubers,Cassava Fresh,Bag,99,2124.0,6/1/2015 0:00,1035
Roots & Tubers,Sweet Potatoes,Bag,98,2705.0,6/1/2015 0:00,1036
Cereals,Dry Maize,Bag,90,2969.0,7/1/2015 0:00,1037
Cereals,Green Maize,Ext Bag,115,2860.0,7/1/2015 0:00,1038
Cereals,Finger Millet,Bag,90,6883.0,7/1/2015 0:00,1039
Cereals,Sorghum,Bag,90,3856.0,7/1/2015 0:00,1040
Cereals,Wheat,Bag,90,3915.0,7/1/2015 0:00,1041
Legumes,Beans Canadian,Bag,90,6595.0,7/1/2015 0:00,1042
Legumes,Beans Rosecoco,Bag,90,6302.0,7/1/2015 0:00,1043
Legumes,Beans Mwitemania,Bag,90,5685.0,7/1/2015 0:00,1044
Legumes,Mwezi Moja,Bag,90,6201.0,7/1/2015 0:00,1045
Legumes,Dolichos (Njahi),Bag,90,10509.0,7/1/2015 0:00,1046
Legumes,Green Gram,Bag,90,10252.0,7/1/2015 0:00,1047
Legumes,Cowpeas,Bag,90,6525.0,7/1/2015 0:00,1048
Legumes,Fresh Peas,Bag,51,2525.0,7/1/2015 0:00,1049
Legumes,Groundnuts,Bag,110,13713.0,7/1/2015 0:00,1050
Roots & Tubers,Red Irish Potatoes,Bag,110,1840.0,7/1/2015 0:00,1051
Roots & Tubers,White Irish Potatoes,Bag,110,2002.0,7/1/2015 0:00,1052
Roots & Tubers,Cassava Fresh,Bag,99,1912.0,7/1/2015 0:00,1053
Roots & Tubers,Sweet Potatoes,Bag,98,2764.0,7/1/2015 0:00,1054
Cereals,Dry Maize,Bag,90,2910.0,8/25/2015 0:00,1055
Cereals,Green Maize,Ext Bag,115,2557.0,8/25/2015 0:00,1056
Cereals,Finger Millet,Bag,90,6714.0,8/25/2015 0:00,1057
Cereals,Sorghum,Bag,90,3683.0,8/25/2015 0:00,1058
Cereals,Wheat,Bag,90,3674.0,8/25/2015 0:00,1059
Legumes,Beans Canadian,Bag,90,6187.0,8/25/2015 0:00,1060
Legumes,Beans Rosecoco,Bag,90,5850.0,8/25/2015 0:00,1061
Legumes,Beans Mwitemania,Bag,90,5277.0,8/25/2015 0:00,1062
Legumes,Mwezi Moja,Bag,90,5579.0,8/25/2015 0:00,1063
Legumes,Dolichos (Njahi),Bag,90,10733.0,8/25/2015 0:00,1064
Legumes,Green Gram,Bag,90,9354.0,8/25/2015 0:00,1065
Legumes,Cowpeas,Bag,90,6291.0,8/25/2015 0:00,1066
Legumes,Fresh Peas,Bag,51,2078.0,8/25/2015 0:00,1067
Legumes,Groundnuts,Bag,110,12313.0,8/25/2015 0:00,1068
Roots & Tubers,Red Irish Potatoes,Bag,110,1823.0,8/25/2015 0:00,1069
Roots & Tubers,White Irish Potatoes,Bag,110,1915.0,8/25/2015 0:00,1070
Roots & Tubers,Cassava Fresh,Bag,99,1907.0,8/25/2015 0:00,1071
Roots & Tubers,Sweet Potatoes,Bag,98,2723.0,8/25/2015 0:00,1072
Cereals,Dry Maize,Bag,90,2726.0,9/25/2015 0:00,1073
Cereals,Green Maize,Ext Bag,115,2415.0,9/25/2015 0:00,1074
Cereals,Finger Millet,Bag,90,6568.0,9/25/2015 0:00,1075
Cereals,Sorghum,Bag,90,3683.0,9/25/2015 0:00,1076
Cereals,Wheat,Bag,90,3493.0,9/25/2015 0:00,1077
Legumes,Beans Canadian,Bag,90,5939.0,9/25/2015 0:00,1078
Legumes,Beans Rosecoco,Bag,90,5794.0,9/25/2015 0:00,1079
Legumes,Beans Mwitemania,Bag,90,5171.0,9/25/2015 0:00,1080
Legumes,Mwezi Moja,Bag,90,5367.0,9/25/2015 0:00,1081
Legumes,Dolichos (Njahi),Bag,90,10751.0,9/25/2015 0:00,1082
Legumes,Green Gram,Bag,90,9266.0,9/25/2015 0:00,1083
Legumes,Cowpeas,Bag,90,6203.0,9/25/2015 0:00,1084
Legumes,Fresh Peas,Bag,51,2192.0,9/25/2015 0:00,1085
Legumes,Groundnuts,Bag,110,12575.0,9/25/2015 0:00,1086
Roots & Tubers,Red Irish Potatoes,Bag,110,2518.0,9/25/2015 0:00,1087
Roots & Tubers,White Irish Potatoes,Bag,110,2656.0,9/25/2015 0:00,1088
Roots & Tubers,Cassava Fresh,Bag,99,1991.0,9/25/2015 0:00,1089
Roots & Tubers,Sweet Potatoes,Bag,98,2801.0,9/25/2015 0:00,1090
Cereals,Dry Maize,Bag,90,2718.0,10/25/2015 0:00,1091
Cereals,Green Maize,Ext Bag,115,2490.0,10/25/2015 0:00,1092
Cereals,Finger Millet,Bag,90,6598.0,10/25/2015 0:00,1093
Cereals,Sorghum,Bag,90,3784.0,10/25/2015 0:00,1094
Cereals,Wheat,Bag,90,3519.0,10/25/2015 0:00,1095
Legumes,Beans Canadian,Bag,90,6125.0,10/25/2015 0:00,1096
Legumes,Beans Rosecoco,Bag,90,6088.0,10/25/2015 0:00,1097
Legumes,Beans Mwitemania,Bag,90,5603.0,10/25/2015 0:00,1098
Legumes,Mwezi Moja,Bag,90,5617.0,10/25/2015 0:00,1099
Legumes,Dolichos (Njahi),Bag,90,10546.0,10/25/2015 0:00,1100
Legumes,Green Gram,Bag,90,9582.0,10/25/2015 0:00,1101
Legumes,Cowpeas,Bag,90,6265.0,10/25/2015 0:00,1102
Legumes,Fresh Peas,Bag,51,2587.0,10/25/2015 0:00,1103
Legumes,Groundnuts,Bag,110,12691.0,10/25/2015 0:00,1104
Roots & Tubers,Red Irish Potatoes,Bag,110,2975.0,10/25/2015 0:00,1105
Roots & Tubers,White Irish Potatoes,Bag,110,3139.0,10/25/2015 0:00,1106
Roots & Tubers,Cassava Fresh,Bag,99,1938.0,10/25/2015 0:00,1107
Roots & Tubers,Sweet Potatoes,Bag,98,2895.0,10/25/2015 0:00,1108
Cereals,Dry Maize,Bag,90,2669.0,11/25/2015 0:00,1109
Cereals,Green Maize,Ext Bag,115,2599.0,11/25/2015 0:00,1110
Cereals,Finger Millet,Bag,90,6687.0,11/25/2015 0:00,1111
Cereals,Sorghum,Bag,90,3671.0,11/25/2015 0:00,1112
Cereals,Wheat,Bag,90,3509.0,11/25/2015 0:00,1113
Legumes,Beans Canadian,Bag,90,6109.0,11/25/2015 0:00,1114
Legumes,Beans Rosecoco,Bag,90,6200.0,11/25/2015 0:00,1115
Legumes,Beans Mwitemania,Bag,90,5746.0,11/25/2015 0:00,1116
Legumes,Mwezi Moja,Bag,90,5811.0,11/25/2015 0:00,1117
Legumes,Dolichos (Njahi),Bag,90,11256.0,11/25/2015 0:00,1118
Legumes,Green Gram,Bag,90,10033.0,11/25/2015 0:00,1119
Legumes,Cowpeas,Bag,90,6230.0,11/25/2015 0:00,1120
Legumes,Fresh Peas,Bag,51,2967.0,11/25/2015 0:00,1121
Legumes,Groundnuts,Bag,110,12881.0,11/25/2015 0:00,1122
Roots & Tubers,Red Irish Potatoes,Bag,110,3566.0,11/25/2015 0:00,1123
Roots & Tubers,White Irish Potatoes,Bag,110,3770.0,11/25/2015 0:00,1124
Roots & Tubers,Cassava Fresh,Bag,99,2101.0,11/25/2015 0:00,1125
Roots & Tubers,Sweet Potatoes,Bag,98,3000.0,11/25/2015 0:00,1126
Cereals,Dry Maize,Bag,90,2610.0,12/25/2015 0:00,1127
Cereals,Green Maize,Ext Bag,115,2535.0,12/25/2015 0:00,1128
Cereals,Finger Millet,Bag,90,6469.0,12/25/2015 0:00,1129
Cereals,Sorghum,Bag,90,3776.0,12/25/2015 0:00,1130
Cereals,Wheat,Bag,90,3768.0,12/25/2015 0:00,1131
Legumes,Beans Canadian,Bag,90,6031.0,12/25/2015 0:00,1132
Legumes,Beans Rosecoco,Bag,90,6123.0,12/25/2015 0:00,1133
Legumes,Beans Mwitemania,Bag,90,5727.0,12/25/2015 0:00,1134
Legumes,Mwezi Moja,Bag,90,5715.0,12/25/2015 0:00,1135
Legumes,Dolichos (Njahi),Bag,90,12622.0,12/25/2015 0:00,1136
Legumes,Green Gram,Bag,90,9962.0,12/25/2015 0:00,1137
Legumes,Cowpeas,Bag,90,6239.0,12/25/2015 0:00,1138
Legumes,Fresh Peas,Bag,51,3582.0,12/25/2015 0:00,1139
Legumes,Groundnuts,Bag,110,12986.0,12/25/2015 0:00,1140
Roots & Tubers,Red Irish Potatoes,Bag,110,2805.0,12/25/2015 0:00,1141
Roots & Tubers,White Irish Potatoes,Bag,110,2885.0,12/25/2015 0:00,1142
Roots & Tubers,Cassava Fresh,Bag,99,2097.0,12/25/2015 0:00,1143
Roots & Tubers,Sweet Potatoes,Bag,98,3067.0,12/25/2015 0:00,1144
