Produce_Variety,Commodity_Type,Unit,Volume_in_Kgs,Values_in_Ksh,Date
Horticulture,Cabbages,Ext Bag,126,2205.0,1/1/2012 0:00
Horticulture,Cooking Bananas,Med Bunch,22,511.0,1/1/2012 0:00
Horticulture,Ripe Bananas,Med Bunch,14,616.0,1/1/2012 0:00
Horticulture,Carrots,Ext Bag,138,2833.0,1/1/2012 0:00
Horticulture,Tomatoes,Lg Box,64,3411.0,1/1/2012 0:00
Horticulture,Onions Dry,net,13,1043.0,1/1/2012 0:00
Horticulture,Spring Onions,Bag,142,1997.0,1/1/2012 0:00
Horticulture,Chillies,Bag,38,2163.0,1/1/2012 0:00
Horticulture,Cucumber,Bag,50,2377.0,1/1/2012 0:00
Horticulture,Capsicums,Bag,50,2349.0,1/1/2012 0:00
Horticulture,Brinjals,Bag,44,1614.0,1/1/2012 0:00
Horticulture,Cauliflower,crate,39,2737.0,1/1/2012 0:00
Horticulture,Lettuce,Bag,51,2833.0,1/1/2012 0:00
Horticulture,Passion Fruits,Bag,57,4063.0,1/1/2012 0:00
Horticulture,Oranges,Bag,93,2757.0,1/1/2012 0:00
Horticulture,Lemons,Bag,95,1445.0,1/1/2012 0:00
Horticulture,Mangoes Local,Bag,126,1514.0,1/1/2012 0:00
Horticulture,Mangoes Ngowe,Sm Basket,25,785.0,1/1/2012 0:00
Horticulture,Limes,net,13,570.0,1/1/2012 0:00
Horticulture,Pineapples,Dozen,13,748.0,1/1/2012 0:00
Horticulture,Pawpaw,Lg Box,54,1392.0,1/1/2012 0:00
Horticulture,Avocado,Bag,90,2232.0,1/1/2012 0:00
Horticulture,Kales,Bag,50,1328.0,1/1/2012 0:00
Horticulture,Cabbages,Ext Bag,126,2739.0,2/1/2012 0:00
Horticulture,Cooking Bananas,Med Bunch,22,531.0,2/1/2012 0:00
Horticulture,Ripe Bananas,Med Bunch,14,570.0,2/1/2012 0:00
Horticulture,Carrots,Ext Bag,138,2754.0,2/1/2012 0:00
Horticulture,Tomatoes,Lg Box,64,4100.0,2/1/2012 0:00
Horticulture,Onions Dry,net,13,863.0,2/1/2012 0:00
Horticulture,Spring Onions,Bag,142,2142.0,2/1/2012 0:00
Horticulture,Chillies,Bag,38,2610.0,2/1/2012 0:00
Horticulture,Cucumber,Bag,50,1598.0,2/1/2012 0:00
Horticulture,Capsicums,Bag,50,2727.0,2/1/2012 0:00
Horticulture,Brinjals,Bag,44,1578.0,2/1/2012 0:00
Horticulture,Cauliflower,crate,39,2933.0,2/1/2012 0:00
Horticulture,Lettuce,Bag,51,2863.0,2/1/2012 0:00
Horticulture,Passion Fruits,Bag,57,3512.0,2/1/2012 0:00
Horticulture,Oranges,Bag,93,2880.0,2/1/2012 0:00
Horticulture,Lemons,Bag,95,1433.0,2/1/2012 0:00
Horticulture,Mangoes Local,Bag,126,1726.0,2/1/2012 0:00
Horticulture,Mangoes Ngowe,Sm Basket,25,817.0,2/1/2012 0:00
Horticulture,Limes,net,13,544.0,2/1/2012 0:00
Horticulture,Pineapples,Dozen,13,695.0,2/1/2012 0:00
Horticulture,Pawpaw,Lg Box,54,1535.0,2/1/2012 0:00
Horticulture,Avocado,Bag,90,2439.0,2/1/2012 0:00
Horticulture,Kales,Bag,50,1985.0,2/1/2012 0:00
Horticulture,Cabbages,Ext Bag,126,3049.0,3/1/2012 0:00
Horticulture,Cooking Bananas,Med Bunch,22,570.0,3/1/2012 0:00
Horticulture,Ripe Bananas,Med Bunch,14,635.0,3/1/2012 0:00
Horticulture,Carrots,Ext Bag,138,3223.0,3/1/2012 0:00
Horticulture,Tomatoes,Lg Box,64,3685.0,3/1/2012 0:00
Horticulture,Onions Dry,net,13,992.0,3/1/2012 0:00
Horticulture,Spring Onions,Bag,142,1981.0,3/1/2012 0:00
Horticulture,Chillies,Bag,38,2954.0,3/1/2012 0:00
Horticulture,Cucumber,Bag,50,2413.0,3/1/2012 0:00
Horticulture,Capsicums,Bag,50,3247.0,3/1/2012 0:00
Horticulture,Brinjals,Bag,44,1559.0,3/1/2012 0:00
Horticulture,Cauliflower,crate,39,2018.0,3/1/2012 0:00
Horticulture,Lettuce,Bag,51,2939.0,3/1/2012 0:00
Horticulture,Passion Fruits,Bag,57,3351.0,3/1/2012 0:00
Horticulture,Oranges,Bag,93,3075.0,3/1/2012 0:00
Horticulture,Lemons,Bag,95,1300.0,3/1/2012 0:00
Horticulture,Mangoes Local,Bag,126,2015.0,3/1/2012 0:00
Horticulture,Mangoes Ngowe,Sm Basket,25,1130.0,3/1/2012 0:00
Horticulture,Limes,net,13,541.0,3/1/2012 0:00
Horticulture,Pineapples,Dozen,13,748.0,3/1/2012 0:00
Horticulture,Pawpaw,Lg Box,54,1503.0,3/1/2012 0:00
Horticulture,Avocado,Bag,90,2252.0,3/1/2012 0:00
Horticulture,Kales,Bag,50,2049.0,3/1/2012 0:00
Horticulture,Cabbages,Ext Bag,126,2625.0,4/1/2012 0:00
Horticulture,Cooking Bananas,Med Bunch,22,543.0,4/1/2012 0:00
Horticulture,Ripe Bananas,Med Bunch,14,623.0,4/1/2012 0:00
Horticulture,Carrots,Ext Bag,138,3536.0,4/1/2012 0:00
Horticulture,Tomatoes,Lg Box,64,2820.0,4/1/2012 0:00
Horticulture,Onions Dry,net,13,1174.0,4/1/2012 0:00
Horticulture,Spring Onions,Bag,142,1833.0,4/1/2012 0:00
Horticulture,Chillies,Bag,38,2769.0,4/1/2012 0:00
Horticulture,Cucumber,Bag,50,2207.0,4/1/2012 0:00
Horticulture,Capsicums,Bag,50,2889.0,4/1/2012 0:00
Horticulture,Brinjals,Bag,44,1692.0,4/1/2012 0:00
Horticulture,Cauliflower,crate,39,2865.0,4/1/2012 0:00
Horticulture,Lettuce,Bag,51,3729.0,4/1/2012 0:00
Horticulture,Passion Fruits,Bag,57,3589.0,4/1/2012 0:00
Horticulture,Oranges,Bag,93,2792.0,4/1/2012 0:00
Horticulture,Lemons,Bag,95,1199.0,4/1/2012 0:00
Horticulture,Mangoes Local,Bag,126,1993.0,4/1/2012 0:00
Horticulture,Mangoes Ngowe,Sm Basket,25,1069.0,4/1/2012 0:00
Horticulture,Limes,net,13,601.0,4/1/2012 0:00
Horticulture,Pineapples,Dozen,13,747.0,4/1/2012 0:00
Horticulture,Pawpaw,Lg Box,54,1538.0,4/1/2012 0:00
Horticulture,Avocado,Bag,90,2044.0,4/1/2012 0:00
Horticulture,Kales,Bag,50,1580.0,4/1/2012 0:00
Horticulture,Cabbages,Ext Bag,126,2105.0,5/1/2012 0:00
Horticulture,Cooking Bananas,Med Bunch,22,565.0,5/1/2012 0:00
Horticulture,Ripe Bananas,Med Bunch,14,630.0,5/1/2012 0:00
Horticulture,Carrots,Ext Bag,138,3752.0,5/1/2012 0:00
Horticulture,Tomatoes,Lg Box,64,3302.0,5/1/2012 0:00
Horticulture,Onions Dry,net,13,1153.0,5/1/2012 0:00
Horticulture,Spring Onions,Bag,142,1793.0,5/1/2012 0:00
Horticulture,Chillies,Bag,38,2889.0,5/1/2012 0:00
Horticulture,Cucumber,Bag,50,2072.0,5/1/2012 0:00
Horticulture,Capsicums,Bag,50,2758.0,5/1/2012 0:00
Horticulture,Brinjals,Bag,44,1390.0,5/1/2012 0:00
Horticulture,Cauliflower,crate,39,2969.0,5/1/2012 0:00
Horticulture,Lettuce,Bag,51,3390.0,5/1/2012 0:00
Horticulture,Passion Fruits,Bag,57,3633.0,5/1/2012 0:00
Horticulture,Oranges,Bag,93,2708.0,5/1/2012 0:00
Horticulture,Lemons,Bag,95,1461.0,5/1/2012 0:00
Horticulture,Mangoes Local,Bag,126,1960.0,5/1/2012 0:00
Horticulture,Mangoes Ngowe,Sm Basket,25,1132.0,5/1/2012 0:00
Horticulture,Limes,net,13,681.0,5/1/2012 0:00
Horticulture,Pineapples,Dozen,13,788.0,5/1/2012 0:00
Horticulture,Pawpaw,Lg Box,54,1428.0,5/1/2012 0:00
Horticulture,Avocado,Bag,90,1939.0,5/1/2012 0:00
Horticulture,Kales,Bag,50,1206.0,5/1/2012 0:00
Horticulture,Cabbages,Ext Bag,126,2221.0,6/1/2012 0:00
Horticulture,Cooking Bananas,Med Bunch,22,589.0,6/1/2012 0:00
Horticulture,Ripe Bananas,Med Bunch,14,659.0,6/1/2012 0:00
Horticulture,Carrots,Ext Bag,138,4147.0,6/1/2012 0:00
Horticulture,Tomatoes,Lg Box,64,4172.0,6/1/2012 0:00
Horticulture,Onions Dry,net,13,1229.0,6/1/2012 0:00
Horticulture,Spring Onions,Bag,142,1993.0,6/1/2012 0:00
Horticulture,Chillies,Bag,38,2658.0,6/1/2012 0:00
Horticulture,Cucumber,Bag,50,1893.0,6/1/2012 0:00
Horticulture,Capsicums,Bag,50,2758.0,6/1/2012 0:00
Horticulture,Brinjals,Bag,44,1606.0,6/1/2012 0:00
Horticulture,Cauliflower,crate,39,2147.0,6/1/2012 0:00
Horticulture,Lettuce,Bag,51,3281.0,6/1/2012 0:00
Horticulture,Passion Fruits,Bag,57,3636.0,6/1/2012 0:00
Horticulture,Oranges,Bag,93,2410.0,6/1/2012 0:00
Horticulture,Lemons,Bag,95,1767.0,6/1/2012 0:00
Horticulture,Mangoes Local,Bag,126,2018.0,6/1/2012 0:00
Horticulture,Mangoes Ngowe,Sm Basket,25,1004.0,6/1/2012 0:00
Horticulture,Limes,net,13,655.0,6/1/2012 0:00
Horticulture,Pineapples,Dozen,13,851.0,6/1/2012 0:00
Horticulture,Pawpaw,Lg Box,54,1406.0,6/1/2012 0:00
Horticulture,Avocado,Bag,90,1971.0,6/1/2012 0:00
Horticulture,Kales,Bag,50,1272.0,6/1/2012 0:00
Horticulture,Cabbages,Ext Bag,126,2034.0,7/1/2012 0:00
Horticulture,Cooking Bananas,Med Bunch,22,544.0,7/1/2012 0:00
Horticulture,Ripe Bananas,Med Bunch,14,582.0,7/1/2012 0:00
Horticulture,Carrots,Ext Bag,138,4534.0,7/1/2012 0:00
Horticulture,Tomatoes,Lg Box,64,2602.0,7/1/2012 0:00
Horticulture,Onions Dry,net,13,1004.0,7/1/2012 0:00
Horticulture,Spring Onions,Bag,142,2103.0,7/1/2012 0:00
Horticulture,Chillies,Bag,38,2785.0,7/1/2012 0:00
Horticulture,Cucumber,Bag,50,1917.0,7/1/2012 0:00
Horticulture,Capsicums,Bag,50,2552.0,7/1/2012 0:00
Horticulture,Brinjals,Bag,44,1592.0,7/1/2012 0:00
Horticulture,Cauliflower,crate,39,2744.0,7/1/2012 0:00
Horticulture,Lettuce,Bag,51,3563.0,7/1/2012 0:00
Horticulture,Passion Fruits,Bag,57,3726.0,7/1/2012 0:00
Horticulture,Oranges,Bag,93,2413.0,7/1/2012 0:00
Horticulture,Lemons,Bag,95,1695.0,7/1/2012 0:00
Horticulture,Mangoes Local,Bag,126,1750.0,7/1/2012 0:00
Horticulture,Mangoes Ngowe,Sm Basket,25,1063.0,7/1/2012 0:00
Horticulture,Limes,net,13,602.0,7/1/2012 0:00
Horticulture,Pineapples,Dozen,13,831.0,7/1/2012 0:00
Horticulture,Pawpaw,Lg Box,54,1432.0,7/1/2012 0:00
Horticulture,Avocado,Bag,90,1741.0,7/1/2012 0:00
Horticulture,Kales,Bag,50,824.0,7/1/2012 0:00
Horticulture,Cabbages,Ext Bag,126,1905.0,8/1/2012 0:00
Horticulture,Cooking Bananas,Med Bunch,22,572.0,8/1/2012 0:00
Horticulture,Ripe Bananas,Med Bunch,14,542.0,8/1/2012 0:00
Horticulture,Carrots,Ext Bag,138,3850.0,8/1/2012 0:00
Horticulture,Tomatoes,Lg Box,64,2576.0,8/1/2012 0:00
Horticulture,Onions Dry,net,13,887.0,8/1/2012 0:00
Horticulture,Spring Onions,Bag,142,1975.0,8/1/2012 0:00
Horticulture,Chillies,Bag,38,2652.0,8/1/2012 0:00
Horticulture,Cucumber,Bag,50,1572.0,8/1/2012 0:00
Horticulture,Capsicums,Bag,50,2769.0,8/1/2012 0:00
Horticulture,Brinjals,Bag,44,1544.0,8/1/2012 0:00
Horticulture,Cauliflower,crate,39,2408.0,8/1/2012 0:00
Horticulture,Lettuce,Bag,51,4246.0,8/1/2012 0:00
Horticulture,Passion Fruits,Bag,57,3291.0,8/1/2012 0:00
Horticulture,Oranges,Bag,93,2736.0,8/1/2012 0:00
Horticulture,Lemons,Bag,95,1749.0,8/1/2012 0:00
Horticulture,Mangoes Local,Bag,126,1791.0,8/1/2012 0:00
Horticulture,Mangoes Ngowe,Sm Basket,25,1013.0,8/1/2012 0:00
Horticulture,Limes,net,13,817.0,8/1/2012 0:00
Horticulture,Pineapples,Dozen,13,698.0,8/1/2012 0:00
Horticulture,Pawpaw,Lg Box,54,1388.0,8/1/2012 0:00
Horticulture,Avocado,Bag,90,1634.0,8/1/2012 0:00
Horticulture,Kales,Bag,50,682.0,8/1/2012 0:00
Horticulture,Cabbages,Ext Bag,126,1792.0,9/1/2012 0:00
Horticulture,Cooking Bananas,Med Bunch,22,571.0,9/1/2012 0:00
Horticulture,Ripe Bananas,Med Bunch,14,573.0,9/1/2012 0:00
Horticulture,Carrots,Ext Bag,138,3261.0,9/1/2012 0:00
Horticulture,Tomatoes,Lg Box,64,2602.0,9/1/2012 0:00
Horticulture,Onions Dry,net,13,1018.0,9/1/2012 0:00
Horticulture,Spring Onions,Bag,142,2097.0,9/1/2012 0:00
Horticulture,Chillies,Bag,38,3783.0,9/1/2012 0:00
Horticulture,Cucumber,Bag,50,1735.0,9/1/2012 0:00
Horticulture,Capsicums,Bag,50,2674.0,9/1/2012 0:00
Horticulture,Brinjals,Bag,44,1474.0,9/1/2012 0:00
Horticulture,Cauliflower,crate,39,2087.0,9/1/2012 0:00
Horticulture,Lettuce,Bag,51,4983.0,9/1/2012 0:00
Horticulture,Passion Fruits,Bag,57,3536.0,9/1/2012 0:00
Horticulture,Oranges,Bag,93,3163.0,9/1/2012 0:00
Horticulture,Lemons,Bag,95,1374.0,9/1/2012 0:00
Horticulture,Mangoes Local,Bag,126,2013.0,9/1/2012 0:00
Horticulture,Mangoes Ngowe,Sm Basket,25,932.0,9/1/2012 0:00
Horticulture,Limes,net,13,626.0,9/1/2012 0:00
Horticulture,Pineapples,Dozen,13,935.0,9/1/2012 0:00
Horticulture,Pawpaw,Lg Box,54,1715.0,9/1/2012 0:00
Horticulture,Avocado,Bag,90,1975.0,9/1/2012 0:00
Horticulture,Kales,Bag,50,764.0,9/1/2012 0:00
Horticulture,Cabbages,Ext Bag,126,1643.0,10/1/2012 0:00
Horticulture,Cooking Bananas,Med Bunch,22,626.0,10/1/2012 0:00
Horticulture,Ripe Bananas,Med Bunch,14,636.0,10/1/2012 0:00
Horticulture,Carrots,Ext Bag,138,2778.0,10/1/2012 0:00
Horticulture,Tomatoes,Lg Box,64,2576.0,10/1/2012 0:00
Horticulture,Onions Dry,net,13,819.0,10/1/2012 0:00
Horticulture,Spring Onions,Bag,142,1852.0,10/1/2012 0:00
Horticulture,Chillies,Bag,38,2592.0,10/1/2012 0:00
Horticulture,Cucumber,Bag,50,2020.0,10/1/2012 0:00
Horticulture,Capsicums,Bag,50,2439.0,10/1/2012 0:00
Horticulture,Brinjals,Bag,44,1386.0,10/1/2012 0:00
Horticulture,Cauliflower,crate,39,1883.0,10/1/2012 0:00
Horticulture,Lettuce,Bag,51,4944.0,10/1/2012 0:00
Horticulture,Passion Fruits,Bag,57,3429.0,10/1/2012 0:00
Horticulture,Oranges,Bag,93,3003.0,10/1/2012 0:00
Horticulture,Lemons,Bag,95,1455.0,10/1/2012 0:00
Horticulture,Mangoes Local,Bag,126,1862.0,10/1/2012 0:00
Horticulture,Mangoes Ngowe,Sm Basket,25,1174.0,10/1/2012 0:00
Horticulture,Limes,net,13,680.0,10/1/2012 0:00
Horticulture,Pineapples,Dozen,13,841.0,10/1/2012 0:00
Horticulture,Pawpaw,Lg Box,54,1431.0,10/1/2012 0:00
Horticulture,Avocado,Bag,90,1860.0,10/1/2012 0:00
Horticulture,Kales,Bag,50,749.0,10/1/2012 0:00
Horticulture,Cabbages,Ext Bag,126,1410.0,11/1/2012 0:00
Horticulture,Cooking Bananas,Med Bunch,22,548.0,11/1/2012 0:00
Horticulture,Ripe Bananas,Med Bunch,14,593.0,11/1/2012 0:00
Horticulture,Carrots,Ext Bag,138,2515.0,11/1/2012 0:00
Horticulture,Tomatoes,Lg Box,64,3392.0,11/1/2012 0:00
Horticulture,Onions Dry,net,13,907.0,11/1/2012 0:00
Horticulture,Spring Onions,Bag,142,2015.0,11/1/2012 0:00
Horticulture,Chillies,Bag,38,2387.0,11/1/2012 0:00
Horticulture,Cucumber,Bag,50,1756.0,11/1/2012 0:00
Horticulture,Capsicums,Bag,50,2088.0,11/1/2012 0:00
Horticulture,Brinjals,Bag,44,1325.0,11/1/2012 0:00
Horticulture,Cauliflower,crate,39,1364.0,11/1/2012 0:00
Horticulture,Lettuce,Bag,51,2182.0,11/1/2012 0:00
Horticulture,Passion Fruits,Bag,57,3505.0,11/1/2012 0:00
Horticulture,Oranges,Bag,93,2678.0,11/1/2012 0:00
Horticulture,Lemons,Bag,95,1546.0,11/1/2012 0:00
Horticulture,Mangoes Local,Bag,126,1807.0,11/1/2012 0:00
Horticulture,Mangoes Ngowe,Sm Basket,25,875.0,11/1/2012 0:00
Horticulture,Limes,net,13,847.0,11/1/2012 0:00
Horticulture,Pineapples,Dozen,13,778.0,11/1/2012 0:00
Horticulture,Pawpaw,Lg Box,54,1298.0,11/1/2012 0:00
Horticulture,Avocado,Bag,90,1847.0,11/1/2012 0:00
Horticulture,Kales,Bag,50,670.0,11/1/2012 0:00
Horticulture,Cabbages,Ext Bag,126,1504.0,12/1/2012 0:00
Horticulture,Cooking Bananas,Med Bunch,22,547.0,12/1/2012 0:00
Horticulture,Ripe Bananas,Med Bunch,14,577.0,12/1/2012 0:00
Horticulture,Carrots,Ext Bag,138,2507.0,12/1/2012 0:00
Horticulture,Tomatoes,Lg Box,64,3348.0,12/1/2012 0:00
Horticulture,Onions Dry,net,13,900.0,12/1/2012 0:00
Horticulture,Spring Onions,Bag,142,2390.0,12/1/2012 0:00
Horticulture,Chillies,Bag,38,3300.0,12/1/2012 0:00
Horticulture,Cucumber,Bag,50,1861.0,12/1/2012 0:00
Horticulture,Capsicums,Bag,50,2222.0,12/1/2012 0:00
Horticulture,Brinjals,Bag,44,1427.0,12/1/2012 0:00
Horticulture,Cauliflower,crate,39,1993.0,12/1/2012 0:00
Horticulture,Lettuce,Bag,51,3932.0,12/1/2012 0:00
Horticulture,Passion Fruits,Bag,57,3548.0,12/1/2012 0:00
Horticulture,Oranges,Bag,93,2877.0,12/1/2012 0:00
Horticulture,Lemons,Bag,95,1911.0,12/1/2012 0:00
Horticulture,Mangoes Local,Bag,126,2124.0,12/1/2012 0:00
Horticulture,Mangoes Ngowe,Sm Basket,25,912.0,12/1/2012 0:00
Horticulture,Limes,net,13,728.0,12/1/2012 0:00
Horticulture,Pineapples,Dozen,13,727.0,12/1/2012 0:00
Horticulture,Pawpaw,Lg Box,54,1611.0,12/1/2012 0:00
Horticulture,Avocado,Bag,90,2255.0,12/1/2012 0:00
Horticulture,Kales,Bag,50,690.0,12/1/2012 0:00
Horticulture,Cabbages,Ext Bag,126,1466.0,1/1/2013 0:00
Horticulture,Kales,Bag,50,685.0,1/1/2013 0:00
Horticulture,Avocado,Bag,90,1981.0,1/1/2013 0:00
Horticulture,Pawpaw,Lg Box,54,1479.0,1/1/2013 0:00
Horticulture,Pineapples,Dozen,13,897.0,1/1/2013 0:00
Horticulture,Limes,net,13,582.0,1/1/2013 0:00
Horticulture,Mangoes Ngowe,Sm Basket,25,827.0,1/1/2013 0:00
Horticulture,Mangoes Local,Bag,126,1833.0,1/1/2013 0:00
Horticulture,Lemons,Bag,95,1875.0,1/1/2013 0:00
Horticulture,Oranges,Bag,93,2938.0,1/1/2013 0:00
Horticulture,Passion Fruits,Bag,57,3180.0,1/1/2013 0:00
Horticulture,Lettuce,Bag,51,4047.0,1/1/2013 0:00
Horticulture,Cauliflower,crate,39,2098.0,1/1/2013 0:00
Horticulture,Brinjals,Bag,44,1547.0,1/1/2013 0:00
Horticulture,Capsicums,Bag,50,2099.0,1/1/2013 0:00
Horticulture,Cucumber,Bag,50,1697.0,1/1/2013 0:00
Horticulture,Chillies,Bag,38,2403.0,1/1/2013 0:00
Horticulture,Spring Onions,Bag,142,1785.0,1/1/2013 0:00
Horticulture,Onions Dry,net,13,797.0,1/1/2013 0:00
Horticulture,Tomatoes,Lg Box,64,2831.0,1/1/2013 0:00
Horticulture,Carrots,Ext Bag,138,2538.0,1/1/2013 0:00
Horticulture,Ripe Bananas,Med Bunch,14,609.0,1/1/2013 0:00
Horticulture,Cooking Bananas,Med Bunch,22,586.0,1/1/2013 0:00
Horticulture,Cooking Bananas,Med Bunch,22,629.0,2/1/2013 0:00
Horticulture,Kales,Bag,50,804.0,2/1/2013 0:00
Horticulture,Avocado,Bag,90,2394.0,2/1/2013 0:00
Horticulture,Pawpaw,Lg Box,54,1472.0,2/1/2013 0:00
Horticulture,Pineapples,Dozen,13,750.0,2/1/2013 0:00
Horticulture,Limes,net,13,710.0,2/1/2013 0:00
Horticulture,Mangoes Ngowe,Sm Basket,25,927.0,2/1/2013 0:00
Horticulture,Mangoes Local,Bag,126,1957.0,2/1/2013 0:00
Horticulture,Lemons,Bag,95,2051.0,2/1/2013 0:00
Horticulture,Oranges,Bag,93,3230.0,2/1/2013 0:00
Horticulture,Passion Fruits,Bag,57,2955.0,2/1/2013 0:00
Horticulture,Lettuce,Bag,51,3476.0,2/1/2013 0:00
Horticulture,Cauliflower,crate,39,2483.0,2/1/2013 0:00
Horticulture,Brinjals,Bag,44,1836.0,2/1/2013 0:00
Horticulture,Capsicums,Bag,50,2517.0,2/1/2013 0:00
Horticulture,Cucumber,Bag,50,2251.0,2/1/2013 0:00
Horticulture,Chillies,Bag,38,2989.0,2/1/2013 0:00
Horticulture,Spring Onions,Bag,142,2254.0,2/1/2013 0:00
Horticulture,Onions Dry,net,13,792.0,2/1/2013 0:00
Horticulture,Tomatoes,Lg Box,64,2969.0,2/1/2013 0:00
Horticulture,Carrots,Ext Bag,138,2669.0,2/1/2013 0:00
Horticulture,Ripe Bananas,Med Bunch,14,708.0,2/1/2013 0:00
Horticulture,Cabbages,Ext Bag,126,1798.0,2/1/2013 0:00
Horticulture,Cabbages,Ext Bag,126,1667.0,3/1/2013 0:00
Horticulture,Cooking Bananas,Med Bunch,22,539.0,3/1/2013 0:00
Horticulture,Ripe Bananas,Med Bunch,14,607.0,3/1/2013 0:00
Horticulture,Carrots,Ext Bag,138,2969.0,3/1/2013 0:00
Horticulture,Tomatoes,Lg Box,64,3669.0,3/1/2013 0:00
Horticulture,Onions Dry,net,13,883.0,3/1/2013 0:00
Horticulture,Spring Onions,Bag,142,2159.0,3/1/2013 0:00
Horticulture,Chillies,Bag,38,2377.0,3/1/2013 0:00
Horticulture,Cucumber,Bag,50,2742.0,3/1/2013 0:00
Horticulture,Capsicums,Bag,50,2750.0,3/1/2013 0:00
Horticulture,Brinjals,Bag,44,1587.0,3/1/2013 0:00
Horticulture,Cauliflower,crate,39,2452.0,3/1/2013 0:00
Horticulture,Lettuce,Bag,51,3470.0,3/1/2013 0:00
Horticulture,Passion Fruits,Bag,57,3988.0,3/1/2013 0:00
Horticulture,Oranges,Bag,93,3053.0,3/1/2013 0:00
Horticulture,Lemons,Bag,95,2039.0,3/1/2013 0:00
Horticulture,Mangoes Local,Bag,126,2105.0,3/1/2013 0:00
Horticulture,Mangoes Ngowe,Sm Basket,25,1149.0,3/1/2013 0:00
Horticulture,Limes,net,13,679.0,3/1/2013 0:00
Horticulture,Pineapples,Dozen,13,728.0,3/1/2013 0:00
Horticulture,Pawpaw,Lg Box,54,1521.0,3/1/2013 0:00
Horticulture,Avocado,Bag,90,2322.0,3/1/2013 0:00
Horticulture,Kales,Bag,50,1039.0,3/1/2013 0:00
Horticulture,Cabbages,Ext Bag,126,1638.0,4/1/2013 0:00
Horticulture,Cooking Bananas,Med Bunch,22,545.0,4/1/2013 0:00
Horticulture,Ripe Bananas,Med Bunch,14,620.0,4/1/2013 0:00
Horticulture,Carrots,Ext Bag,138,3223.0,4/1/2013 0:00
Horticulture,Tomatoes,Lg Box,64,5182.0,4/1/2013 0:00
Horticulture,Onions Dry,net,13,850.0,4/1/2013 0:00
Horticulture,Spring Onions,Bag,142,2194.0,4/1/2013 0:00
Horticulture,Chillies,Bag,38,3064.0,4/1/2013 0:00
Horticulture,Cucumber,Bag,50,2405.0,4/1/2013 0:00
Horticulture,Capsicums,Bag,50,2930.0,4/1/2013 0:00
Horticulture,Brinjals,Bag,44,1664.0,4/1/2013 0:00
Horticulture,Cauliflower,crate,39,3781.0,4/1/2013 0:00
Horticulture,Lettuce,Bag,51,3202.0,4/1/2013 0:00
Horticulture,Passion Fruits,Bag,57,3725.0,4/1/2013 0:00
Horticulture,Oranges,Bag,93,2948.0,4/1/2013 0:00
Horticulture,Lemons,Bag,95,1960.0,4/1/2013 0:00
Horticulture,Mangoes Local,Bag,126,2444.0,4/1/2013 0:00
Horticulture,Mangoes Ngowe,Sm Basket,25,770.0,4/1/2013 0:00
Horticulture,Limes,net,13,635.0,4/1/2013 0:00
Horticulture,Pineapples,Dozen,13,780.0,4/1/2013 0:00
Horticulture,Pawpaw,Lg Box,54,1473.0,4/1/2013 0:00
Horticulture,Avocado,Bag,90,2287.0,4/1/2013 0:00
Horticulture,Kales,Bag,50,848.0,4/1/2013 0:00
Horticulture,Lettuce,Bag,51,4090.0,5/1/2013 0:00
Horticulture,Kales,Bag,50,1277.0,5/1/2013 0:00
Horticulture,Avocado,Bag,90,2705.0,5/1/2013 0:00
Horticulture,Pawpaw,Lg Box,54,1777.0,5/1/2013 0:00
Horticulture,Pineapples,Dozen,13,754.0,5/1/2013 0:00
Horticulture,Limes,net,13,683.0,5/1/2013 0:00
Horticulture,Mangoes Ngowe,Sm Basket,25,1079.0,5/1/2013 0:00
Horticulture,Mangoes Local,Bag,126,2420.0,5/1/2013 0:00
Horticulture,Lemons,Bag,95,2112.0,5/1/2013 0:00
Horticulture,Oranges,Bag,93,2893.0,5/1/2013 0:00
Horticulture,Passion Fruits,Bag,57,3923.0,5/1/2013 0:00
Horticulture,Cauliflower,crate,39,3553.0,5/1/2013 0:00
Horticulture,Brinjals,Bag,44,1700.0,5/1/2013 0:00
Horticulture,Capsicums,Bag,50,2663.0,5/1/2013 0:00
Horticulture,Cucumber,Bag,50,2268.0,5/1/2013 0:00
Horticulture,Chillies,Bag,38,3105.0,5/1/2013 0:00
Horticulture,Spring Onions,Bag,142,2571.0,5/1/2013 0:00
Horticulture,Onions Dry,net,13,967.0,5/1/2013 0:00
Horticulture,Tomatoes,Lg Box,64,5596.0,5/1/2013 0:00
Horticulture,Carrots,Ext Bag,138,3318.0,5/1/2013 0:00
Horticulture,Ripe Bananas,Med Bunch,14,625.0,5/1/2013 0:00
Horticulture,Cooking Bananas,Med Bunch,22,618.0,5/1/2013 0:00
Horticulture,Cabbages,Ext Bag,126,2058.0,5/1/2013 0:00
Horticulture,Cooking Bananas,Med Bunch,22,541.0,6/1/2013 0:00
Horticulture,Ripe Bananas,Med Bunch,14,583.0,6/1/2013 0:00
Horticulture,Carrots,Ext Bag,138,3647.0,6/1/2013 0:00
Horticulture,Tomatoes,Lg Box,64,4037.0,6/1/2013 0:00
Horticulture,Onions Dry,net,13,1147.0,6/1/2013 0:00
Horticulture,Spring Onions,Bag,142,2480.0,6/1/2013 0:00
Horticulture,Chillies,Bag,38,2973.0,6/1/2013 0:00
Horticulture,Cucumber,Bag,50,1946.0,6/1/2013 0:00
Horticulture,Capsicums,Bag,50,3031.0,6/1/2013 0:00
Horticulture,Brinjals,Bag,44,1720.0,6/1/2013 0:00
Horticulture,Cauliflower,crate,39,3490.0,6/1/2013 0:00
Horticulture,Cabbages,Ext Bag,126,2465.0,6/1/2013 0:00
Horticulture,Lettuce,Bag,51,3748.0,6/1/2013 0:00
Horticulture,Passion Fruits,Bag,57,4041.0,6/1/2013 0:00
Horticulture,Oranges,Bag,93,2674.0,6/1/2013 0:00
Horticulture,Lemons,Bag,95,2085.0,6/1/2013 0:00
Horticulture,Mangoes Local,Bag,126,2078.0,6/1/2013 0:00
Horticulture,Mangoes Ngowe,Sm Basket,25,915.0,6/1/2013 0:00
Horticulture,Limes,net,13,443.0,6/1/2013 0:00
Horticulture,Pineapples,Dozen,13,700.0,6/1/2013 0:00
Horticulture,Pawpaw,Lg Box,54,1511.0,6/1/2013 0:00
Horticulture,Avocado,Bag,90,2097.0,6/1/2013 0:00
Horticulture,Kales,Bag,50,1626.0,6/1/2013 0:00
Horticulture,Cabbages,Ext Bag,126,2326.0,7/1/2013 0:00
Horticulture,Cooking Bananas,Med Bunch,22,518.0,7/1/2013 0:00
Horticulture,Ripe Bananas,Med Bunch,14,578.0,7/1/2013 0:00
Horticulture,Carrots,Ext Bag,138,3553.0,7/1/2013 0:00
Horticulture,Tomatoes,Lg Box,64,2786.0,7/1/2013 0:00
Horticulture,Onions Dry,net,13,957.0,7/1/2013 0:00
Horticulture,Spring Onions,Bag,142,2318.0,7/1/2013 0:00
Horticulture,Chillies,Bag,38,3251.0,7/1/2013 0:00
Horticulture,Cucumber,Bag,50,2505.0,7/1/2013 0:00
Horticulture,Capsicums,Bag,50,2767.0,7/1/2013 0:00
Horticulture,Brinjals,Bag,44,1851.0,7/1/2013 0:00
Horticulture,Cauliflower,crate,39,2333.0,7/1/2013 0:00
Horticulture,Lettuce,Bag,51,3246.0,7/1/2013 0:00
Horticulture,Passion Fruits,Bag,57,3740.0,7/1/2013 0:00
Horticulture,Oranges,Bag,93,2718.0,7/1/2013 0:00
Horticulture,Lemons,Bag,95,2023.0,7/1/2013 0:00
Horticulture,Mangoes Local,Bag,126,2208.0,7/1/2013 0:00
Horticulture,Mangoes Ngowe,Sm Basket,25,1064.0,7/1/2013 0:00
Horticulture,Limes,net,13,507.0,7/1/2013 0:00
Horticulture,Pineapples,Dozen,13,688.0,7/1/2013 0:00
Horticulture,Pawpaw,Lg Box,54,1609.0,7/1/2013 0:00
Horticulture,Avocado,Bag,90,2202.0,7/1/2013 0:00
Horticulture,Kales,Bag,50,1556.0,7/1/2013 0:00
Horticulture,Cauliflower,crate,39,2099.0,8/1/2013 0:00
Horticulture,Cabbages,Ext Bag,126,2433.0,8/1/2013 0:00
Horticulture,Cooking Bananas,Med Bunch,22,500.0,8/1/2013 0:00
Horticulture,Ripe Bananas,Med Bunch,14,553.0,8/1/2013 0:00
Horticulture,Carrots,Ext Bag,138,3469.0,8/1/2013 0:00
Horticulture,Tomatoes,Lg Box,64,2653.0,8/1/2013 0:00
Horticulture,Onions Dry,net,13,894.0,8/1/2013 0:00
Horticulture,Spring Onions,Bag,142,1820.0,8/1/2013 0:00
Horticulture,Chillies,Bag,38,2321.0,8/1/2013 0:00
Horticulture,Cucumber,Bag,50,2323.0,8/1/2013 0:00
Horticulture,Capsicums,Bag,50,3077.0,8/1/2013 0:00
Horticulture,Brinjals,Bag,44,1705.0,8/1/2013 0:00
Horticulture,Lettuce,Bag,51,3553.0,8/1/2013 0:00
Horticulture,Passion Fruits,Bag,57,4518.0,8/1/2013 0:00
Horticulture,Oranges,Bag,93,2878.0,8/1/2013 0:00
Horticulture,Lemons,Bag,95,1889.0,8/1/2013 0:00
Horticulture,Mangoes Local,Bag,126,2255.0,8/1/2013 0:00
Horticulture,Mangoes Ngowe,Sm Basket,25,1257.0,8/1/2013 0:00
Horticulture,Limes,net,13,645.0,8/1/2013 0:00
Horticulture,Pineapples,Dozen,13,710.0,8/1/2013 0:00
Horticulture,Pawpaw,Lg Box,54,1411.0,8/1/2013 0:00
Horticulture,Avocado,Bag,90,2031.0,8/1/2013 0:00
Horticulture,Kales,Bag,50,1257.0,8/1/2013 0:00
Horticulture,Cabbages,Ext Bag,126,2350.0,9/1/2013 0:00
Horticulture,Cooking Bananas,Med Bunch,22,510.0,9/1/2013 0:00
Horticulture,Ripe Bananas,Med Bunch,14,568.0,9/1/2013 0:00
Horticulture,Carrots,Ext Bag,138,4340.0,9/1/2013 0:00
Horticulture,Tomatoes,Lg Box,64,2446.0,9/1/2013 0:00
Horticulture,Onions Dry,net,13,862.0,9/1/2013 0:00
Horticulture,Spring Onions,Bag,142,1950.0,9/1/2013 0:00
Horticulture,Chillies,Bag,38,2353.0,9/1/2013 0:00
Horticulture,Cucumber,Bag,50,1784.0,9/1/2013 0:00
Horticulture,Capsicums,Bag,50,2846.0,9/1/2013 0:00
Horticulture,Brinjals,Bag,44,1763.0,9/1/2013 0:00
Horticulture,Kales,Bag,50,1086.0,9/1/2013 0:00
Horticulture,Cauliflower,crate,39,1901.0,9/1/2013 0:00
Horticulture,Lettuce,Bag,51,3205.0,9/1/2013 0:00
Horticulture,Passion Fruits,Bag,57,3728.0,9/1/2013 0:00
Horticulture,Oranges,Bag,93,2956.0,9/1/2013 0:00
Horticulture,Lemons,Bag,95,2077.0,9/1/2013 0:00
Horticulture,Mangoes Local,Bag,126,2688.0,9/1/2013 0:00
Horticulture,Mangoes Ngowe,Sm Basket,25,1262.0,9/1/2013 0:00
Horticulture,Limes,net,13,771.0,9/1/2013 0:00
Horticulture,Pineapples,Dozen,13,711.0,9/1/2013 0:00
Horticulture,Pawpaw,Lg Box,54,1562.0,9/1/2013 0:00
Horticulture,Avocado,Bag,90,2070.0,9/1/2013 0:00
Horticulture,Oranges,Bag,93,3104.0,10/1/2013 0:00
Horticulture,Cabbages,Ext Bag,126,1992.0,10/1/2013 0:00
Horticulture,Cooking Bananas,Med Bunch,22,513.0,10/1/2013 0:00
Horticulture,Ripe Bananas,Med Bunch,14,565.0,10/1/2013 0:00
Horticulture,Carrots,Ext Bag,138,4390.0,10/1/2013 0:00
Horticulture,Tomatoes,Lg Box,64,2862.0,10/1/2013 0:00
Horticulture,Onions Dry,net,13,845.0,10/1/2013 0:00
Horticulture,Spring Onions,Bag,142,1978.0,10/1/2013 0:00
Horticulture,Chillies,Bag,38,2325.0,10/1/2013 0:00
Horticulture,Cucumber,Bag,50,2259.0,10/1/2013 0:00
Horticulture,Capsicums,Bag,50,2515.0,10/1/2013 0:00
Horticulture,Brinjals,Bag,44,1657.0,10/1/2013 0:00
Horticulture,Cauliflower,crate,39,1964.0,10/1/2013 0:00
Horticulture,Lettuce,Bag,51,3044.0,10/1/2013 0:00
Horticulture,Passion Fruits,Bag,57,3572.0,10/1/2013 0:00
Horticulture,Lemons,Bag,95,2292.0,10/1/2013 0:00
Horticulture,Mangoes Local,Bag,126,2259.0,10/1/2013 0:00
Horticulture,Mangoes Ngowe,Sm Basket,25,1200.0,10/1/2013 0:00
Horticulture,Limes,net,13,990.0,10/1/2013 0:00
Horticulture,Pineapples,Dozen,13,797.0,10/1/2013 0:00
Horticulture,Pawpaw,Lg Box,54,1466.0,10/1/2013 0:00
Horticulture,Avocado,Bag,90,2307.0,10/1/2013 0:00
Horticulture,Kales,Bag,50,849.0,10/1/2013 0:00
Horticulture,Kales,Bag,50,1013.0,11/1/2013 0:00
Horticulture,Cabbages,Ext Bag,126,1965.0,11/1/2013 0:00
Horticulture,Cooking Bananas,Med Bunch,22,519.0,11/1/2013 0:00
Horticulture,Ripe Bananas,Med Bunch,14,588.0,11/1/2013 0:00
Horticulture,Carrots,Ext Bag,138,4043.0,11/1/2013 0:00
Horticulture,Tomatoes,Lg Box,64,3141.0,11/1/2013 0:00
Horticulture,Onions Dry,net,13,844.0,11/1/2013 0:00
Horticulture,Spring Onions,Bag,142,2084.0,11/1/2013 0:00
Horticulture,Chillies,Bag,38,2349.0,11/1/2013 0:00
Horticulture,Cucumber,Bag,50,2094.0,11/1/2013 0:00
Horticulture,Capsicums,Bag,50,2219.0,11/1/2013 0:00
Horticulture,Brinjals,Bag,44,1636.0,11/1/2013 0:00
Horticulture,Cauliflower,crate,39,2067.0,11/1/2013 0:00
Horticulture,Lettuce,Bag,51,4072.0,11/1/2013 0:00
Horticulture,Passion Fruits,Bag,57,4129.0,11/1/2013 0:00
Horticulture,Oranges,Bag,93,2967.0,11/1/2013 0:00
Horticulture,Lemons,Bag,95,2560.0,11/1/2013 0:00
Horticulture,Mangoes Local,Bag,126,2034.0,11/1/2013 0:00
Horticulture,Avocado,Bag,90,2672.0,11/1/2013 0:00
Horticulture,Mangoes Ngowe,Sm Basket,25,1082.0,11/1/2013 0:00
Horticulture,Limes,net,13,902.0,11/1/2013 0:00
Horticulture,Pineapples,Dozen,13,826.0,11/1/2013 0:00
Horticulture,Pawpaw,Lg Box,54,1507.0,11/1/2013 0:00
Horticulture,Kales,Bag,50,953.0,12/1/2013 0:00
Horticulture,Carrots,Ext Bag,138,3498.0,12/1/2013 0:00
Horticulture,Tomatoes,Lg Box,64,2897.0,12/1/2013 0:00
Horticulture,Onions Dry,net,13,862.0,12/1/2013 0:00
Horticulture,Spring Onions,Bag,142,1755.0,12/1/2013 0:00
Horticulture,Chillies,Bag,38,2357.0,12/1/2013 0:00
Horticulture,Cucumber,Bag,50,1843.0,12/1/2013 0:00
Horticulture,Capsicums,Bag,50,2195.0,12/1/2013 0:00
Horticulture,Brinjals,Bag,44,1471.0,12/1/2013 0:00
Horticulture,Cauliflower,crate,39,2373.0,12/1/2013 0:00
Horticulture,Lettuce,Bag,51,3571.0,12/1/2013 0:00
Horticulture,Passion Fruits,Bag,57,3500.0,12/1/2013 0:00
Horticulture,Oranges,Bag,93,2556.0,12/1/2013 0:00
Horticulture,Ripe Bananas,Med Bunch,14,638.0,12/1/2013 0:00
Horticulture,Lemons,Bag,95,2569.0,12/1/2013 0:00
Horticulture,Mangoes Local,Bag,126,1872.0,12/1/2013 0:00
Horticulture,Mangoes Ngowe,Sm Basket,25,1085.0,12/1/2013 0:00
Horticulture,Limes,net,13,776.0,12/1/2013 0:00
Horticulture,Pineapples,Dozen,13,824.0,12/1/2013 0:00
Horticulture,Pawpaw,Lg Box,54,1498.0,12/1/2013 0:00
Horticulture,Cooking Bananas,Med Bunch,22,521.0,12/1/2013 0:00
Horticulture,Avocado,Bag,90,2303.0,12/1/2013 0:00
Horticulture,Cabbages,Ext Bag,126,1728.0,12/1/2013 0:00
Horticulture,Cooking Bananas,Med Bunch,22,473.0,1/1/2015 0:00
Horticulture,Cabbages,Ext Bag,126,2245.0,1/1/2015 0:00
Horticulture,Kales,Bag,50,1227.0,1/1/2015 0:00
Horticulture,Avocado,Bag,90,2379.0,1/1/2015 0:00
Horticulture,Pawpaw,Lg Box,54,1563.0,1/1/2015 0:00
Horticulture,Pineapples,Dozen,13,796.0,1/1/2015 0:00
Horticulture,Limes,net,13,648.0,1/1/2015 0:00
Horticulture,Mangoes Ngowe,Sm Basket,25,1170.0,1/1/2015 0:00
Horticulture,Mangoes Local,Bag,126,1963.0,1/1/2015 0:00
Horticulture,Lemons,Bag,95,2540.0,1/1/2015 0:00
Horticulture,Oranges,Bag,93,3795.0,1/1/2015 0:00
Horticulture,Passion Fruits,Bag,57,4037.0,1/1/2015 0:00
Horticulture,Lettuce,Bag,51,2192.0,1/1/2015 0:00
Horticulture,Cauliflower,crate,39,2091.0,1/1/2015 0:00
Horticulture,Brinjals,Bag,44,1786.0,1/1/2015 0:00
Horticulture,Capsicums,Bag,50,2978.0,1/1/2015 0:00
Horticulture,Cucumber,Bag,50,1810.0,1/1/2015 0:00
Horticulture,Chillies,Bag,38,2624.0,1/1/2015 0:00
Horticulture,Spring Onions,Bag,142,1836.0,1/1/2015 0:00
Horticulture,Onions Dry,net,13,813.0,1/1/2015 0:00
Horticulture,Tomatoes,Lg Box,64,4097.0,1/1/2015 0:00
Horticulture,Carrots,Ext Bag,138,2840.0,1/1/2015 0:00
Horticulture,Ripe Bananas,Med Bunch,14,568.0,1/1/2015 0:00
Horticulture,Mangoes Local,Bag,126,2201.0,2/1/2015 0:00
Horticulture,Chillies,Bag,38,2816.0,2/1/2015 0:00
Horticulture,Capsicums,Bag,50,2922.0,2/1/2015 0:00
Horticulture,Cabbages,Ext Bag,126,2335.0,2/1/2015 0:00
Horticulture,Limes,net,13,688.0,2/1/2015 0:00
Horticulture,Mangoes Ngowe,Sm Basket,25,1051.0,2/1/2015 0:00
Horticulture,Oranges,Bag,93,3384.0,2/1/2015 0:00
Horticulture,Brinjals,Bag,44,2126.0,2/1/2015 0:00
Horticulture,Kales,Bag,50,2076.0,2/1/2015 0:00
Horticulture,Tomatoes,Lg Box,64,4455.0,2/1/2015 0:00
Horticulture,Carrots,Ext Bag,138,3134.0,2/1/2015 0:00
Horticulture,Spring Onions,Bag,142,1585.0,2/1/2015 0:00
Horticulture,Cucumber,Bag,50,2568.0,2/1/2015 0:00
Horticulture,Ripe Bananas,Med Bunch,14,615.0,2/1/2015 0:00
Horticulture,Cooking Bananas,Med Bunch,22,527.0,2/1/2015 0:00
Horticulture,Pawpaw,Lg Box,54,2005.0,2/1/2015 0:00
Horticulture,Lemons,Bag,95,2452.0,2/1/2015 0:00
Horticulture,Lettuce,Bag,51,2555.0,2/1/2015 0:00
Horticulture,Onions Dry,net,13,840.0,2/1/2015 0:00
Horticulture,Passion Fruits,Bag,57,4008.0,2/1/2015 0:00
Horticulture,Pineapples,Dozen,13,751.0,2/1/2015 0:00
Horticulture,Avocado,Bag,90,2204.0,2/1/2015 0:00
Horticulture,Cauliflower,crate,39,2566.0,2/1/2015 0:00
Horticulture,Ripe Bananas,Med Bunch,14,571.0,3/1/2015 0:00
Horticulture,Cabbages,Ext Bag,126,2684.0,3/1/2015 0:00
Horticulture,Pawpaw,Lg Box,54,1922.0,3/1/2015 0:00
Horticulture,Avocado,Bag,90,2155.0,3/1/2015 0:00
Horticulture,Carrots,Ext Bag,138,3634.0,3/1/2015 0:00
Horticulture,Chillies,Bag,38,3019.0,3/1/2015 0:00
Horticulture,Onions Dry,net,13,975.0,3/1/2015 0:00
Horticulture,Mangoes Local,Bag,126,2525.0,3/1/2015 0:00
Horticulture,Brinjals,Bag,44,2072.0,3/1/2015 0:00
Horticulture,Cauliflower,crate,39,2913.0,3/1/2015 0:00
Horticulture,Oranges,Bag,93,3357.0,3/1/2015 0:00
Horticulture,Kales,Bag,50,2359.0,3/1/2015 0:00
Horticulture,Mangoes Ngowe,Sm Basket,25,1055.0,3/1/2015 0:00
Horticulture,Limes,net,13,757.0,3/1/2015 0:00
Horticulture,Passion Fruits,Bag,57,4137.0,3/1/2015 0:00
Horticulture,Tomatoes,Lg Box,64,4504.0,3/1/2015 0:00
Horticulture,Spring Onions,Bag,142,1792.0,3/1/2015 0:00
Horticulture,Capsicums,Bag,50,3009.0,3/1/2015 0:00
Horticulture,Lemons,Bag,95,2443.0,3/1/2015 0:00
Horticulture,Cooking Bananas,Med Bunch,22,553.0,3/1/2015 0:00
Horticulture,Lettuce,Bag,51,2585.0,3/1/2015 0:00
Horticulture,Pineapples,Dozen,13,756.0,3/1/2015 0:00
Horticulture,Cucumber,Bag,50,2384.0,3/1/2015 0:00
Horticulture,Cabbages,Ext Bag,126,2967.0,4/1/2015 0:00
Horticulture,Pineapples,Dozen,13,782.0,4/1/2015 0:00
Horticulture,Spring Onions,Bag,142,2059.0,4/1/2015 0:00
Horticulture,Cauliflower,crate,39,3375.0,4/1/2015 0:00
Horticulture,Cooking Bananas,Med Bunch,22,550.0,4/1/2015 0:00
Horticulture,Avocado,Bag,90,2210.0,4/1/2015 0:00
Horticulture,Mangoes Ngowe,Sm Basket,25,1106.0,4/1/2015 0:00
Horticulture,Capsicums,Bag,50,2508.0,4/1/2015 0:00
Horticulture,Cucumber,Bag,50,2145.0,4/1/2015 0:00
Horticulture,Kales,Bag,50,2006.0,4/1/2015 0:00
Horticulture,Chillies,Bag,38,2968.0,4/1/2015 0:00
Horticulture,Carrots,Ext Bag,138,4497.0,4/1/2015 0:00
Horticulture,Pawpaw,Lg Box,54,1829.0,4/1/2015 0:00
Horticulture,Onions Dry,net,13,1074.0,4/1/2015 0:00
Horticulture,Ripe Bananas,Med Bunch,14,535.0,4/1/2015 0:00
Horticulture,Tomatoes,Lg Box,64,5277.0,4/1/2015 0:00
Horticulture,Passion Fruits,Bag,57,4365.0,4/1/2015 0:00
Horticulture,Mangoes Local,Bag,126,2407.0,4/1/2015 0:00
Horticulture,Lettuce,Bag,51,3124.0,4/1/2015 0:00
Horticulture,Brinjals,Bag,44,1803.0,4/1/2015 0:00
Horticulture,Limes,net,13,986.0,4/1/2015 0:00
Horticulture,Oranges,Bag,93,3216.0,4/1/2015 0:00
Horticulture,Lemons,Bag,95,2611.0,4/1/2015 0:00
Horticulture,Cauliflower,crate,39,3338.0,5/1/2015 0:00
Horticulture,Kales,Bag,50,1229.0,5/1/2015 0:00
Horticulture,Lettuce,Bag,51,2964.0,5/1/2015 0:00
Horticulture,Ripe Bananas,Med Bunch,14,550.0,5/1/2015 0:00
Horticulture,Passion Fruits,Bag,57,4492.0,5/1/2015 0:00
Horticulture,Pawpaw,Lg Box,54,1683.0,5/1/2015 0:00
Horticulture,Mangoes Ngowe,Sm Basket,25,930.0,5/1/2015 0:00
Horticulture,Mangoes Local,Bag,126,2315.0,5/1/2015 0:00
Horticulture,Oranges,Bag,93,3261.0,5/1/2015 0:00
Horticulture,Capsicums,Bag,50,2072.0,5/1/2015 0:00
Horticulture,Cucumber,Bag,50,2031.0,5/1/2015 0:00
Horticulture,Lemons,Bag,95,2573.0,5/1/2015 0:00
Horticulture,Pineapples,Dozen,13,801.0,5/1/2015 0:00
Horticulture,Brinjals,Bag,44,1656.0,5/1/2015 0:00
Horticulture,Spring Onions,Bag,142,1850.0,5/1/2015 0:00
Horticulture,Cabbages,Ext Bag,126,2643.0,5/1/2015 0:00
Horticulture,Cooking Bananas,Med Bunch,22,612.0,5/1/2015 0:00
Horticulture,Tomatoes,Lg Box,64,5664.0,5/1/2015 0:00
Horticulture,Onions Dry,net,13,1169.0,5/1/2015 0:00
Horticulture,Chillies,Bag,38,2131.0,5/1/2015 0:00
Horticulture,Carrots,Ext Bag,138,4858.0,5/1/2015 0:00
Horticulture,Avocado,Bag,90,2156.0,5/1/2015 0:00
Horticulture,Limes,net,13,1135.0,5/1/2015 0:00
Horticulture,Cauliflower,crate,39,2455.0,6/1/2015 0:00
Horticulture,Tomatoes,Lg Box,64,5128.0,6/1/2015 0:00
Horticulture,Limes,net,13,1051.0,6/1/2015 0:00
Horticulture,Mangoes Local,Bag,126,2275.0,6/1/2015 0:00
Horticulture,Chillies,Bag,38,2153.0,6/1/2015 0:00
Horticulture,Avocado,Bag,90,2166.0,6/1/2015 0:00
Horticulture,Ripe Bananas,Med Bunch,14,552.0,6/1/2015 0:00
Horticulture,Capsicums,Bag,50,2145.0,6/1/2015 0:00
Horticulture,Cooking Bananas,Med Bunch,22,608.0,6/1/2015 0:00
Horticulture,Pineapples,Dozen,13,836.0,6/1/2015 0:00
Horticulture,Carrots,Ext Bag,138,5715.0,6/1/2015 0:00
Horticulture,Lemons,Bag,95,2387.0,6/1/2015 0:00
Horticulture,Mangoes Ngowe,Sm Basket,25,963.0,6/1/2015 0:00
Horticulture,Pawpaw,Lg Box,54,1688.0,6/1/2015 0:00
Horticulture,Passion Fruits,Bag,57,4675.0,6/1/2015 0:00
Horticulture,Cabbages,Ext Bag,126,2179.0,6/1/2015 0:00
Horticulture,Oranges,Bag,93,3193.0,6/1/2015 0:00
Horticulture,Cucumber,Bag,50,1624.0,6/1/2015 0:00
Horticulture,Lettuce,Bag,51,2110.0,6/1/2015 0:00
Horticulture,Brinjals,Bag,44,1498.0,6/1/2015 0:00
Horticulture,Onions Dry,net,13,1259.0,6/1/2015 0:00
Horticulture,Spring Onions,Bag,142,1798.0,6/1/2015 0:00
Horticulture,Kales,Bag,50,1197.0,6/1/2015 0:00
Horticulture,Brinjals,Bag,44,1511.0,7/1/2015 0:00
Horticulture,Passion Fruits,Bag,57,4582.0,7/1/2015 0:00
Horticulture,Cauliflower,crate,39,2902.0,7/1/2015 0:00
Horticulture,Spring Onions,Bag,142,1797.0,7/1/2015 0:00
Horticulture,Mangoes Local,Bag,126,2185.0,7/1/2015 0:00
Horticulture,Ripe Bananas,Med Bunch,14,529.0,7/1/2015 0:00
Horticulture,Cooking Bananas,Med Bunch,22,589.0,7/1/2015 0:00
Horticulture,Cucumber,Bag,50,2159.0,7/1/2015 0:00
Horticulture,Capsicums,Bag,50,2283.0,7/1/2015 0:00
Horticulture,Limes,net,13,959.0,7/1/2015 0:00
Horticulture,Chillies,Bag,38,1955.0,7/1/2015 0:00
Horticulture,Cabbages,Ext Bag,126,1610.0,7/1/2015 0:00
Horticulture,Kales,Bag,50,1175.0,7/1/2015 0:00
Horticulture,Onions Dry,net,13,1032.0,7/1/2015 0:00
Horticulture,Avocado,Bag,90,2070.0,7/1/2015 0:00
Horticulture,Mangoes Ngowe,Sm Basket,25,992.0,7/1/2015 0:00
Horticulture,Pawpaw,Lg Box,54,1823.0,7/1/2015 0:00
Horticulture,Tomatoes,Lg Box,64,3969.0,7/1/2015 0:00
Horticulture,Oranges,Bag,93,3348.0,7/1/2015 0:00
Horticulture,Carrots,Ext Bag,138,4490.0,7/1/2015 0:00
Horticulture,Lettuce,Bag,51,2476.0,7/1/2015 0:00
Horticulture,Pineapples,Dozen,13,757.0,7/1/2015 0:00
Horticulture,Lemons,Bag,95,2455.0,7/1/2015 0:00
Cereals,Dry Maize,Bag,90,2832.0,1/1/2013 0:00
Cereals,Green Maize,Ext Bag,115,2471.0,1/1/2013 0:00
Cereals,Finger Millet,Bag,90,6012.0,1/1/2013 0:00
Cereals,Sorghum,Bag,90,3306.0,1/1/2013 0:00
Cereals,Wheat,Bag,90,4058.0,1/1/2013 0:00
Legumes,Beans Canadian,Bag,90,5729.0,1/1/2013 0:00
Legumes,Beans Rosecoco,Bag,90,5498.0,1/1/2013 0:00
Legumes,Beans Mwitemania,Bag,90,5132.0,1/1/2013 0:00
Legumes,Mwezi Moja,Bag,90,5512.0,1/1/2013 0:00
Legumes,Dolichos (Njahi),Bag,90,7383.0,1/1/2013 0:00
Legumes,Green Gram,Bag,90,6784.0,1/1/2013 0:00
Legumes,Cowpeas,Bag,90,5053.0,1/1/2013 0:00
Legumes,Fresh Peas,Bag,51,2817.0,1/1/2013 0:00
Legumes,Groundnuts,Bag,110,10679.0,1/1/2013 0:00
Roots & Tubers,Red Irish Potatoes,Bag,110,2969.0,1/1/2013 0:00
Roots & Tubers,White Irish Potatoes,Bag,110,3007.0,1/1/2013 0:00
Roots & Tubers,Cassava Fresh,Bag,99,1735.0,1/1/2013 0:00
Roots & Tubers,Sweet Potatoes,Bag,98,2526.0,1/1/2013 0:00
Cereals,Dry Maize,Bag,90,2857.0,2/1/2013 0:00
Cereals,Green Maize,Ext Bag,115,2963.0,2/1/2013 0:00
Cereals,Finger Millet,Bag,90,6213.0,2/1/2013 0:00
Cereals,Sorghum,Bag,90,3626.0,2/1/2013 0:00
Cereals,Wheat,Bag,90,4071.0,2/1/2013 0:00
Legumes,Beans Canadian,Bag,90,5643.0,2/1/2013 0:00
Legumes,Beans Rosecoco,Bag,90,5390.0,2/1/2013 0:00
Legumes,Beans Mwitemania,Bag,90,5226.0,2/1/2013 0:00
Legumes,Mwezi Moja,Bag,90,5261.0,2/1/2013 0:00
Legumes,Dolichos (Njahi),Bag,90,7875.0,2/1/2013 0:00
Legumes,Green Gram,Bag,90,7340.0,2/1/2013 0:00
Legumes,Cowpeas,Bag,90,5101.0,2/1/2013 0:00
Legumes,Fresh Peas,Bag,51,3422.0,2/1/2013 0:00
Legumes,Groundnuts,Bag,110,10326.0,2/1/2013 0:00
Roots & Tubers,Red Irish Potatoes,Bag,110,3143.0,2/1/2013 0:00
Roots & Tubers,White Irish Potatoes,Bag,110,2892.0,2/1/2013 0:00
Roots & Tubers,Cassava Fresh,Bag,99,1685.0,2/1/2013 0:00
Roots & Tubers,Sweet Potatoes,Bag,98,3140.0,2/1/2013 0:00
Cereals,Dry Maize,Bag,90,2880.0,3/1/2013 0:00
Cereals,Green Maize,Ext Bag,115,2840.0,3/1/2013 0:00
Cereals,Finger Millet,Bag,90,5890.0,3/1/2013 0:00
Cereals,Sorghum,Bag,90,3605.0,3/1/2013 0:00
Cereals,Wheat,Bag,90,3911.0,3/1/2013 0:00
Legumes,Beans Canadian,Bag,90,5475.0,3/1/2013 0:00
Legumes,Beans Rosecoco,Bag,90,5712.0,3/1/2013 0:00
Legumes,Beans Mwitemania,Bag,90,5241.0,3/1/2013 0:00
Legumes,Mwezi Moja,Bag,90,5529.0,3/1/2013 0:00
Legumes,Dolichos (Njahi),Bag,90,7473.0,3/1/2013 0:00
Legumes,Green Gram,Bag,90,7352.0,3/1/2013 0:00
Legumes,Cowpeas,Bag,90,6005.0,3/1/2013 0:00
Legumes,Fresh Peas,Bag,51,2908.0,3/1/2013 0:00
Legumes,Groundnuts,Bag,110,10938.0,3/1/2013 0:00
Roots & Tubers,Red Irish Potatoes,Bag,110,2987.0,3/1/2013 0:00
Roots & Tubers,White Irish Potatoes,Bag,110,2854.0,3/1/2013 0:00
Roots & Tubers,Cassava Fresh,Bag,99,1941.0,3/1/2013 0:00
Roots & Tubers,Sweet Potatoes,Bag,98,2645.0,3/1/2013 0:00
Cereals,Dry Maize,Bag,90,2837.0,4/1/2013 0:00
Cereals,Green Maize,Ext Bag,115,3006.0,4/1/2013 0:00
Cereals,Finger Millet,Bag,90,5929.0,4/1/2013 0:00
Cereals,Sorghum,Bag,90,3554.0,4/1/2013 0:00
Cereals,Wheat,Bag,90,4024.0,4/1/2013 0:00
Legumes,Beans Canadian,Bag,90,5822.0,4/1/2013 0:00
Legumes,Beans Rosecoco,Bag,90,6202.0,4/1/2013 0:00
Legumes,Beans Mwitemania,Bag,90,5602.0,4/1/2013 0:00
Legumes,Mwezi Moja,Bag,90,5774.0,4/1/2013 0:00
Legumes,Dolichos (Njahi),Bag,90,7780.0,4/1/2013 0:00
Legumes,Green Gram,Bag,90,7819.0,4/1/2013 0:00
Legumes,Cowpeas,Bag,90,5352.0,4/1/2013 0:00
Legumes,Fresh Peas,Bag,51,2852.0,4/1/2013 0:00
Legumes,Groundnuts,Bag,110,12269.0,4/1/2013 0:00
Roots & Tubers,Red Irish Potatoes,Bag,110,2671.0,4/1/2013 0:00
Roots & Tubers,White Irish Potatoes,Bag,110,2653.0,4/1/2013 0:00
Roots & Tubers,Cassava Fresh,Bag,99,2102.0,4/1/2013 0:00
Roots & Tubers,Sweet Potatoes,Bag,98,2728.0,4/1/2013 0:00
Cereals,Dry Maize,Bag,90,2838.0,5/1/2013 0:00
Cereals,Green Maize,Ext Bag,115,3847.0,5/1/2013 0:00
Cereals,Finger Millet,Bag,90,6321.0,5/1/2013 0:00
Cereals,Sorghum,Bag,90,3694.0,5/1/2013 0:00
Cereals,Wheat,Bag,90,4365.0,5/1/2013 0:00
Legumes,Beans Canadian,Bag,90,6046.0,5/1/2013 0:00
Legumes,Beans Rosecoco,Bag,90,6108.0,5/1/2013 0:00
Legumes,Beans Mwitemania,Bag,90,5846.0,5/1/2013 0:00
Legumes,Mwezi Moja,Bag,90,6432.0,5/1/2013 0:00
Legumes,Dolichos (Njahi),Bag,90,7892.0,5/1/2013 0:00
Legumes,Green Gram,Bag,90,7514.0,5/1/2013 0:00
Legumes,Cowpeas,Bag,90,5755.0,5/1/2013 0:00
Legumes,Fresh Peas,Bag,51,4343.0,5/1/2013 0:00
Legumes,Groundnuts,Bag,110,12019.0,5/1/2013 0:00
Roots & Tubers,Red Irish Potatoes,Bag,110,3240.0,5/1/2013 0:00
Roots & Tubers,White Irish Potatoes,Bag,110,3065.0,5/1/2013 0:00
Roots & Tubers,Cassava Fresh,Bag,99,2350.0,5/1/2013 0:00
Roots & Tubers,Sweet Potatoes,Bag,98,3185.0,5/1/2013 0:00
Cereals,Dry Maize,Bag,90,2747.0,6/1/2013 0:00
Cereals,Green Maize,Ext Bag,115,3229.0,6/1/2013 0:00
Cereals,Finger Millet,Bag,90,6182.0,6/1/2013 0:00
Cereals,Sorghum,Bag,90,3507.0,6/1/2013 0:00
Cereals,Wheat,Bag,90,4540.0,6/1/2013 0:00
Legumes,Beans Canadian,Bag,90,5858.0,6/1/2013 0:00
Legumes,Beans Rosecoco,Bag,90,5668.0,6/1/2013 0:00
Legumes,Beans Mwitemania,Bag,90,5205.0,6/1/2013 0:00
Legumes,Mwezi Moja,Bag,90,6060.0,6/1/2013 0:00
Legumes,Dolichos (Njahi),Bag,90,7908.0,6/1/2013 0:00
Legumes,Green Gram,Bag,90,7181.0,6/1/2013 0:00
Legumes,Cowpeas,Bag,90,5721.0,6/1/2013 0:00
Legumes,Fresh Peas,Bag,51,3163.0,6/1/2013 0:00
Legumes,Groundnuts,Bag,110,12112.0,6/1/2013 0:00
Roots & Tubers,Red Irish Potatoes,Bag,110,3275.0,6/1/2013 0:00
Roots & Tubers,White Irish Potatoes,Bag,110,3206.0,6/1/2013 0:00
Roots & Tubers,Cassava Fresh,Bag,99,1938.0,6/1/2013 0:00
Roots & Tubers,Sweet Potatoes,Bag,98,3259.0,6/1/2013 0:00
Cereals,Dry Maize,Bag,90,2722.0,7/1/2013 0:00
Cereals,Green Maize,Ext Bag,115,2924.0,7/1/2013 0:00
Cereals,Finger Millet,Bag,90,5795.0,7/1/2013 0:00
Cereals,Sorghum,Bag,90,3363.0,7/1/2013 0:00
Cereals,Wheat,Bag,90,4293.0,7/1/2013 0:00
Legumes,Beans Canadian,Bag,90,5459.0,7/1/2013 0:00
Legumes,Beans Rosecoco,Bag,90,5489.0,7/1/2013 0:00
Legumes,Beans Mwitemania,Bag,90,4997.0,7/1/2013 0:00
Legumes,Mwezi Moja,Bag,90,5285.0,7/1/2013 0:00
Legumes,Dolichos (Njahi),Bag,90,7576.0,7/1/2013 0:00
Legumes,Green Gram,Bag,90,6948.0,7/1/2013 0:00
Legumes,Cowpeas,Bag,90,5246.0,7/1/2013 0:00
Legumes,Fresh Peas,Bag,51,2614.0,7/1/2013 0:00
Legumes,Groundnuts,Bag,110,11216.0,7/1/2013 0:00
Roots & Tubers,Red Irish Potatoes,Bag,110,2940.0,7/1/2013 0:00
Roots & Tubers,White Irish Potatoes,Bag,110,2916.0,7/1/2013 0:00
Roots & Tubers,Cassava Fresh,Bag,99,2004.0,7/1/2013 0:00
Roots & Tubers,Sweet Potatoes,Bag,98,2957.0,7/1/2013 0:00
Cereals,Dry Maize,Bag,90,2703.0,8/1/2013 0:00
Cereals,Green Maize,Ext Bag,115,2475.0,8/1/2013 0:00
Cereals,Finger Millet,Bag,90,5767.0,8/1/2013 0:00
Cereals,Sorghum,Bag,90,3533.0,8/1/2013 0:00
Cereals,Wheat,Bag,90,4084.0,8/1/2013 0:00
Legumes,Beans Canadian,Bag,90,5434.0,8/1/2013 0:00
Legumes,Beans Rosecoco,Bag,90,5701.0,8/1/2013 0:00
Legumes,Beans Mwitemania,Bag,90,4972.0,8/1/2013 0:00
Legumes,Mwezi Moja,Bag,90,5086.0,8/1/2013 0:00
Legumes,Dolichos (Njahi),Bag,90,7580.0,8/1/2013 0:00
Legumes,Green Gram,Bag,90,6925.0,8/1/2013 0:00
Legumes,Cowpeas,Bag,90,5026.0,8/1/2013 0:00
Legumes,Fresh Peas,Bag,51,2539.0,8/1/2013 0:00
Legumes,Groundnuts,Bag,110,10877.0,8/1/2013 0:00
Roots & Tubers,Red Irish Potatoes,Bag,110,2950.0,8/1/2013 0:00
Roots & Tubers,White Irish Potatoes,Bag,110,2927.0,8/1/2013 0:00
Roots & Tubers,Cassava Fresh,Bag,99,1956.0,8/1/2013 0:00
Roots & Tubers,Sweet Potatoes,Bag,98,2604.0,8/1/2013 0:00
Cereals,Dry Maize,Bag,90,2829.0,9/1/2013 0:00
Cereals,Green Maize,Ext Bag,115,2630.0,9/1/2013 0:00
Cereals,Finger Millet,Bag,90,5820.0,9/1/2013 0:00
Cereals,Sorghum,Bag,90,3471.0,9/1/2013 0:00
Cereals,Wheat,Bag,90,4024.0,9/1/2013 0:00
Legumes,Beans Canadian,Bag,90,5547.0,9/1/2013 0:00
Legumes,Beans Rosecoco,Bag,90,5973.0,9/1/2013 0:00
Legumes,Beans Mwitemania,Bag,90,5220.0,9/1/2013 0:00
Legumes,Mwezi Moja,Bag,90,5480.0,9/1/2013 0:00
Legumes,Dolichos (Njahi),Bag,90,7323.0,9/1/2013 0:00
Legumes,Green Gram,Bag,90,7160.0,9/1/2013 0:00
Legumes,Cowpeas,Bag,90,5227.0,9/1/2013 0:00
Legumes,Fresh Peas,Bag,51,2856.0,9/1/2013 0:00
Legumes,Groundnuts,Bag,110,11481.0,9/1/2013 0:00
Roots & Tubers,Red Irish Potatoes,Bag,110,3045.0,9/1/2013 0:00
Roots & Tubers,White Irish Potatoes,Bag,110,3014.0,9/1/2013 0:00
Roots & Tubers,Cassava Fresh,Bag,99,2175.0,9/1/2013 0:00
Roots & Tubers,Sweet Potatoes,Bag,98,2655.0,9/1/2013 0:00
Cereals,Dry Maize,Bag,90,2943.0,10/1/2013 0:00
Cereals,Green Maize,Ext Bag,115,2451.0,10/1/2013 0:00
Cereals,Finger Millet,Bag,90,6032.0,10/1/2013 0:00
Cereals,Sorghum,Bag,90,3629.0,10/1/2013 0:00
Cereals,Wheat,Bag,90,3524.0,10/1/2013 0:00
Legumes,Beans Canadian,Bag,90,5984.0,10/1/2013 0:00
Legumes,Beans Rosecoco,Bag,90,5943.0,10/1/2013 0:00
Legumes,Beans Mwitemania,Bag,90,5366.0,10/1/2013 0:00
Legumes,Mwezi Moja,Bag,90,5869.0,10/1/2013 0:00
Legumes,Dolichos (Njahi),Bag,90,7079.0,10/1/2013 0:00
Legumes,Green Gram,Bag,90,7461.0,10/1/2013 0:00
Legumes,Cowpeas,Bag,90,5322.0,10/1/2013 0:00
Legumes,Fresh Peas,Bag,51,2537.0,10/1/2013 0:00
Legumes,Groundnuts,Bag,110,11555.0,10/1/2013 0:00
Roots & Tubers,Red Irish Potatoes,Bag,110,3124.0,10/1/2013 0:00
Roots & Tubers,White Irish Potatoes,Bag,110,3014.0,10/1/2013 0:00
Roots & Tubers,Cassava Fresh,Bag,99,1896.0,10/1/2013 0:00
Roots & Tubers,Sweet Potatoes,Bag,98,2746.0,10/1/2013 0:00
Cereals,Dry Maize,Bag,90,3033.0,11/1/2013 0:00
Cereals,Green Maize,Ext Bag,115,2836.0,11/1/2013 0:00
Cereals,Finger Millet,Bag,90,6072.0,11/1/2013 0:00
Cereals,Sorghum,Bag,90,3780.0,11/1/2013 0:00
Cereals,Wheat,Bag,90,3697.0,11/1/2013 0:00
Legumes,Beans Canadian,Bag,90,6225.0,11/1/2013 0:00
Legumes,Beans Rosecoco,Bag,90,5973.0,11/1/2013 0:00
Legumes,Beans Mwitemania,Bag,90,5374.0,11/1/2013 0:00
Legumes,Mwezi Moja,Bag,90,5939.0,11/1/2013 0:00
Legumes,Dolichos (Njahi),Bag,90,7127.0,11/1/2013 0:00
Legumes,Green Gram,Bag,90,7916.0,11/1/2013 0:00
Legumes,Cowpeas,Bag,90,5782.0,11/1/2013 0:00
Legumes,Fresh Peas,Bag,51,2272.0,11/1/2013 0:00
Legumes,Groundnuts,Bag,110,11877.0,11/1/2013 0:00
Roots & Tubers,Red Irish Potatoes,Bag,110,3326.0,11/1/2013 0:00
Roots & Tubers,White Irish Potatoes,Bag,110,3291.0,11/1/2013 0:00
Roots & Tubers,Cassava Fresh,Bag,99,2023.0,11/1/2013 0:00
Roots & Tubers,Sweet Potatoes,Bag,98,2862.0,11/1/2013 0:00
Cereals,Dry Maize,Bag,90,3037.0,12/1/2013 0:00
Cereals,Green Maize,Ext Bag,115,3050.0,12/1/2013 0:00
Cereals,Finger Millet,Bag,90,5823.0,12/1/2013 0:00
Cereals,Sorghum,Bag,90,3851.0,12/1/2013 0:00
Cereals,Wheat,Bag,90,4144.0,12/1/2013 0:00
Legumes,Beans Canadian,Bag,90,5978.0,12/1/2013 0:00
Legumes,Beans Rosecoco,Bag,90,5942.0,12/1/2013 0:00
Legumes,Beans Mwitemania,Bag,90,5397.0,12/1/2013 0:00
Legumes,Mwezi Moja,Bag,90,5813.0,12/1/2013 0:00
Legumes,Dolichos (Njahi),Bag,90,7429.0,12/1/2013 0:00
Legumes,Green Gram,Bag,90,7916.0,12/1/2013 0:00
Legumes,Cowpeas,Bag,90,5702.0,12/1/2013 0:00
Legumes,Fresh Peas,Bag,51,2762.0,12/1/2013 0:00
Legumes,Groundnuts,Bag,110,11417.0,12/1/2013 0:00
Roots & Tubers,Red Irish Potatoes,Bag,110,3019.0,12/1/2013 0:00
Roots & Tubers,White Irish Potatoes,Bag,110,2967.0,12/1/2013 0:00
Roots & Tubers,Cassava Fresh,Bag,99,2068.0,12/1/2013 0:00
Roots & Tubers,Sweet Potatoes,Bag,98,2777.0,12/1/2013 0:00
Cereals,Dry Maize,Bag,90,2435.0,1/1/2015 0:00
Cereals,Green Maize,Ext Bag,115,3237.0,1/1/2015 0:00
Cereals,Finger Millet,Bag,90,6868.0,1/1/2015 0:00
Cereals,Sorghum,Bag,90,3756.0,1/1/2015 0:00
Cereals,Wheat,Bag,90,3477.0,1/1/2015 0:00
Legumes,Beans Canadian,Bag,90,6277.0,1/1/2015 0:00
Legumes,Beans Rosecoco,Bag,90,6111.0,1/1/2015 0:00
Legumes,Beans Mwitemania,Bag,90,5871.0,1/1/2015 0:00
Legumes,Mwezi Moja,Bag,90,5349.0,1/1/2015 0:00
Legumes,Dolichos (Njahi),Bag,90,7042.0,1/1/2015 0:00
Legumes,Green Gram,Bag,90,11143.0,1/1/2015 0:00
Legumes,Cowpeas,Bag,90,6764.0,1/1/2015 0:00
Legumes,Fresh Peas,Bag,51,2461.0,1/1/2015 0:00
Legumes,Groundnuts,Bag,110,11559.0,1/1/2015 0:00
Roots & Tubers,Red Irish Potatoes,Bag,110,2490.0,1/1/2015 0:00
Roots & Tubers,White Irish Potatoes,Bag,110,2515.0,1/1/2015 0:00
Roots & Tubers,Cassava Fresh,Bag,99,1753.0,1/1/2015 0:00
Roots & Tubers,Sweet Potatoes,Bag,98,2677.0,1/1/2015 0:00
Cereals,Dry Maize,Bag,90,2417.0,2/1/2015 0:00
Cereals,Green Maize,Ext Bag,115,2653.0,2/1/2015 0:00
Cereals,Finger Millet,Bag,90,6906.0,2/1/2015 0:00
Cereals,Sorghum,Bag,90,4202.0,2/1/2015 0:00
Cereals,Wheat,Bag,90,3662.0,2/1/2015 0:00
Legumes,Beans Canadian,Bag,90,6151.0,2/1/2015 0:00
Legumes,Beans Rosecoco,Bag,90,6484.0,2/1/2015 0:00
Legumes,Beans Mwitemania,Bag,90,6269.0,2/1/2015 0:00
Legumes,Mwezi Moja,Bag,90,4783.0,2/1/2015 0:00
Legumes,Dolichos (Njahi),Bag,90,8023.0,2/1/2015 0:00
Legumes,Green Gram,Bag,90,11535.0,2/1/2015 0:00
Legumes,Cowpeas,Bag,90,7208.0,2/1/2015 0:00
Legumes,Fresh Peas,Bag,51,2511.0,2/1/2015 0:00
Legumes,Groundnuts,Bag,110,11926.0,2/1/2015 0:00
Roots & Tubers,Red Irish Potatoes,Bag,110,2761.0,2/1/2015 0:00
Roots & Tubers,White Irish Potatoes,Bag,110,2690.0,2/1/2015 0:00
Roots & Tubers,Cassava Fresh,Bag,99,1893.0,2/1/2015 0:00
Roots & Tubers,Sweet Potatoes,Bag,98,2541.0,2/1/2015 0:00
Cereals,Dry Maize,Bag,90,2473.0,3/1/2015 0:00
Cereals,Green Maize,Ext Bag,115,2795.0,3/1/2015 0:00
Cereals,Finger Millet,Bag,90,6916.0,3/1/2015 0:00
Cereals,Sorghum,Bag,90,4183.0,3/1/2015 0:00
Cereals,Wheat,Bag,90,3739.0,3/1/2015 0:00
Legumes,Beans Canadian,Bag,90,6525.0,3/1/2015 0:00
Legumes,Beans Rosecoco,Bag,90,6850.0,3/1/2015 0:00
Legumes,Beans Mwitemania,Bag,90,6321.0,3/1/2015 0:00
Legumes,Mwezi Moja,Bag,90,5382.0,3/1/2015 0:00
Legumes,Dolichos (Njahi),Bag,90,8228.0,3/1/2015 0:00
Legumes,Green Gram,Bag,90,11315.0,3/1/2015 0:00
Legumes,Cowpeas,Bag,90,7436.0,3/1/2015 0:00
Legumes,Fresh Peas,Bag,51,3015.0,3/1/2015 0:00
Legumes,Groundnuts,Bag,110,,3/1/2015 0:00
Roots & Tubers,Red Irish Potatoes,Bag,110,2686.0,3/1/2015 0:00
Roots & Tubers,White Irish Potatoes,Bag,110,2556.0,3/1/2015 0:00
Roots & Tubers,Cassava Fresh,Bag,99,1940.0,3/1/2015 0:00
Roots & Tubers,Sweet Potatoes,Bag,98,2687.0,3/1/2015 0:00
Cereals,Dry Maize,Bag,90,2796.0,4/1/2015 0:00
Cereals,Green Maize,Ext Bag,115,3567.0,4/1/2015 0:00
Cereals,Finger Millet,Bag,90,7149.0,4/1/2015 0:00
Cereals,Sorghum,Bag,90,3816.0,4/1/2015 0:00
Cereals,Wheat,Bag,90,3628.0,4/1/2015 0:00
Legumes,Beans Canadian,Bag,90,7148.0,4/1/2015 0:00
Legumes,Beans Rosecoco,Bag,90,7124.0,4/1/2015 0:00
Legumes,Beans Mwitemania,Bag,90,6402.0,4/1/2015 0:00
Legumes,Mwezi Moja,Bag,90,5798.0,4/1/2015 0:00
Legumes,Dolichos (Njahi),Bag,90,9182.0,4/1/2015 0:00
Legumes,Green Gram,Bag,90,11454.0,4/1/2015 0:00
Legumes,Cowpeas,Bag,90,6983.0,4/1/2015 0:00
Legumes,Fresh Peas,Bag,51,3842.0,4/1/2015 0:00
Legumes,Groundnuts,Bag,110,,4/1/2015 0:00
Roots & Tubers,Red Irish Potatoes,Bag,110,3502.0,4/1/2015 0:00
Roots & Tubers,White Irish Potatoes,Bag,110,3511.0,4/1/2015 0:00
Roots & Tubers,Cassava Fresh,Bag,99,1941.0,4/1/2015 0:00
Roots & Tubers,Sweet Potatoes,Bag,98,2819.0,4/1/2015 0:00
Cereals,Dry Maize,Bag,90,2925.0,5/1/2015 0:00
Cereals,Green Maize,Ext Bag,115,3872.0,5/1/2015 0:00
Cereals,Finger Millet,Bag,90,7216.0,5/1/2015 0:00
Cereals,Sorghum,Bag,90,3877.0,5/1/2015 0:00
Cereals,Wheat,Bag,90,3653.0,5/1/2015 0:00
Legumes,Beans Canadian,Bag,90,7453.0,5/1/2015 0:00
Legumes,Beans Rosecoco,Bag,90,7522.0,5/1/2015 0:00
Legumes,Beans Mwitemania,Bag,90,6903.0,5/1/2015 0:00
Legumes,Mwezi Moja,Bag,90,6426.0,5/1/2015 0:00
Legumes,Dolichos (Njahi),Bag,90,10486.0,5/1/2015 0:00
Legumes,Green Gram,Bag,90,11905.0,5/1/2015 0:00
Legumes,Cowpeas,Bag,90,7509.0,5/1/2015 0:00
Legumes,Fresh Peas,Bag,51,3924.0,5/1/2015 0:00
Legumes,Groundnuts,Bag,110,12802.0,5/1/2015 0:00
Roots & Tubers,Red Irish Potatoes,Bag,110,3812.0,5/1/2015 0:00
Roots & Tubers,White Irish Potatoes,Bag,110,3935.0,5/1/2015 0:00
Roots & Tubers,Cassava Fresh,Bag,99,1883.0,5/1/2015 0:00
Roots & Tubers,Sweet Potatoes,Bag,98,2928.0,5/1/2015 0:00
Cereals,Dry Maize,Bag,90,2883.0,6/1/2015 0:00
Cereals,Green Maize,Ext Bag,115,3466.0,6/1/2015 0:00
Cereals,Finger Millet,Bag,90,7155.0,6/1/2015 0:00
Cereals,Sorghum,Bag,90,3845.0,6/1/2015 0:00
Cereals,Wheat,Bag,90,3747.0,6/1/2015 0:00
Legumes,Beans Canadian,Bag,90,7471.0,6/1/2015 0:00
Legumes,Beans Rosecoco,Bag,90,7186.0,6/1/2015 0:00
Legumes,Beans Mwitemania,Bag,90,6535.0,6/1/2015 0:00
Legumes,Mwezi Moja,Bag,90,7279.0,6/1/2015 0:00
Legumes,Dolichos (Njahi),Bag,90,9988.0,6/1/2015 0:00
Legumes,Green Gram,Bag,90,10722.0,6/1/2015 0:00
Legumes,Cowpeas,Bag,90,7315.0,6/1/2015 0:00
Legumes,Fresh Peas,Bag,51,3505.0,6/1/2015 0:00
Legumes,Groundnuts,Bag,110,12797.0,6/1/2015 0:00
Roots & Tubers,Red Irish Potatoes,Bag,110,2776.0,6/1/2015 0:00
Roots & Tubers,White Irish Potatoes,Bag,110,2978.0,6/1/2015 0:00
Roots & Tubers,Cassava Fresh,Bag,99,2124.0,6/1/2015 0:00
Roots & Tubers,Sweet Potatoes,Bag,98,2705.0,6/1/2015 0:00
Cereals,Dry Maize,Bag,90,2969.0,7/1/2015 0:00
Cereals,Green Maize,Ext Bag,115,2860.0,7/1/2015 0:00
Cereals,Finger Millet,Bag,90,6883.0,7/1/2015 0:00
Cereals,Sorghum,Bag,90,3856.0,7/1/2015 0:00
Cereals,Wheat,Bag,90,3915.0,7/1/2015 0:00
Legumes,Beans Canadian,Bag,90,6595.0,7/1/2015 0:00
Legumes,Beans Rosecoco,Bag,90,6302.0,7/1/2015 0:00
Legumes,Beans Mwitemania,Bag,90,5685.0,7/1/2015 0:00
Legumes,Mwezi Moja,Bag,90,6201.0,7/1/2015 0:00
Legumes,Dolichos (Njahi),Bag,90,10509.0,7/1/2015 0:00
Legumes,Green Gram,Bag,90,10252.0,7/1/2015 0:00
Legumes,Cowpeas,Bag,90,6525.0,7/1/2015 0:00
Legumes,Fresh Peas,Bag,51,2525.0,7/1/2015 0:00
Legumes,Groundnuts,Bag,110,13713.0,7/1/2015 0:00
Roots & Tubers,Red Irish Potatoes,Bag,110,1840.0,7/1/2015 0:00
Roots & Tubers,White Irish Potatoes,Bag,110,2002.0,7/1/2015 0:00
Roots & Tubers,Cassava Fresh,Bag,99,1912.0,7/1/2015 0:00
Roots & Tubers,Sweet Potatoes,Bag,98,2764.0,7/1/2015 0:00
Cereals,Dry Maize,Bag,90,2910.0,8/25/2015 0:00
Cereals,Green Maize,Ext Bag,115,2557.0,8/25/2015 0:00
Cereals,Finger Millet,Bag,90,6714.0,8/25/2015 0:00
Cereals,Sorghum,Bag,90,3683.0,8/25/2015 0:00
Cereals,Wheat,Bag,90,3674.0,8/25/2015 0:00
Legumes,Beans Canadian,Bag,90,6187.0,8/25/2015 0:00
Legumes,Beans Rosecoco,Bag,90,5850.0,8/25/2015 0:00
Legumes,Beans Mwitemania,Bag,90,5277.0,8/25/2015 0:00
Legumes,Mwezi Moja,Bag,90,5579.0,8/25/2015 0:00
Legumes,Dolichos (Njahi),Bag,90,10733.0,8/25/2015 0:00
Legumes,Green Gram,Bag,90,9354.0,8/25/2015 0:00
Legumes,Cowpeas,Bag,90,6291.0,8/25/2015 0:00
Legumes,Fresh Peas,Bag,51,2078.0,8/25/2015 0:00
Legumes,Groundnuts,Bag,110,12313.0,8/25/2015 0:00
Roots & Tubers,Red Irish Potatoes,Bag,110,1823.0,8/25/2015 0:00
Roots & Tubers,White Irish Potatoes,Bag,110,1915.0,8/25/2015 0:00
Roots & Tubers,Cassava Fresh,Bag,99,1907.0,8/25/2015 0:00
Roots & Tubers,Sweet Potatoes,Bag,98,2723.0,8/25/2015 0:00
Cereals,Dry Maize,Bag,90,2726.0,9/25/2015 0:00
Cereals,Green Maize,Ext Bag,115,2415.0,9/25/2015 0:00
Cereals,Finger Millet,Bag,90,6568.0,9/25/2015 0:00
Cereals,Sorghum,Bag,90,3683.0,9/25/2015 0:00
Cereals,Wheat,Bag,90,3493.0,9/25/2015 0:00
Legumes,Beans Canadian,Bag,90,5939.0,9/25/2015 0:00
Legumes,Beans Rosecoco,Bag,90,5794.0,9/25/2015 0:00
Legumes,Beans Mwitemania,Bag,90,5171.0,9/25/2015 0:00
Legumes,Mwezi Moja,Bag,90,5367.0,9/25/2015 0:00
Legumes,Dolichos (Njahi),Bag,90,10751.0,9/25/2015 0:00
Legumes,Green Gram,Bag,90,9266.0,9/25/2015 0:00
Legumes,Cowpeas,Bag,90,6203.0,9/25/2015 0:00
Legumes,Fresh Peas,Bag,51,2192.0,9/25/2015 0:00
Legumes,Groundnuts,Bag,110,12575.0,9/25/2015 0:00
Roots & Tubers,Red Irish Potatoes,Bag,110,2518.0,9/25/2015 0:00
Roots & Tubers,White Irish Potatoes,Bag,110,2656.0,9/25/2015 0:00
Roots & Tubers,Cassava Fresh,Bag,99,1991.0,9/25/2015 0:00
Roots & Tubers,Sweet Potatoes,Bag,98,2801.0,9/25/2015 0:00
Cereals,Dry Maize,Bag,90,2718.0,10/25/2015 0:00
Cereals,Green Maize,Ext Bag,115,2490.0,10/25/2015 0:00
Cereals,Finger Millet,Bag,90,6598.0,10/25/2015 0:00
Cereals,Sorghum,Bag,90,3784.0,10/25/2015 0:00
Cereals,Wheat,Bag,90,3519.0,10/25/2015 0:00
Legumes,Beans Canadian,Bag,90,6125.0,10/25/2015 0:00
Legumes,Beans Rosecoco,Bag,90,6088.0,10/25/2015 0:00
Legumes,Beans Mwitemania,Bag,90,5603.0,10/25/2015 0:00
Legumes,Mwezi Moja,Bag,90,5617.0,10/25/2015 0:00
Legumes,Dolichos (Njahi),Bag,90,10546.0,10/25/2015 0:00
Legumes,Green Gram,Bag,90,9582.0,10/25/2015 0:00
Legumes,Cowpeas,Bag,90,6265.0,10/25/2015 0:00
Legumes,Fresh Peas,Bag,51,2587.0,10/25/2015 0:00
Legumes,Groundnuts,Bag,110,12691.0,10/25/2015 0:00
Roots & Tubers,Red Irish Potatoes,Bag,110,2975.0,10/25/2015 0:00
Roots & Tubers,White Irish Potatoes,Bag,110,3139.0,10/25/2015 0:00
Roots & Tubers,Cassava Fresh,Bag,99,1938.0,10/25/2015 0:00
Roots & Tubers,Sweet Potatoes,Bag,98,2895.0,10/25/2015 0:00
Cereals,Dry Maize,Bag,90,2669.0,11/25/2015 0:00
Cereals,Green Maize,Ext Bag,115,2599.0,11/25/2015 0:00
Cereals,Finger Millet,Bag,90,6687.0,11/25/2015 0:00
Cereals,Sorghum,Bag,90,3671.0,11/25/2015 0:00
Cereals,Wheat,Bag,90,3509.0,11/25/2015 0:00
Legumes,Beans Canadian,Bag,90,6109.0,11/25/2015 0:00
Legumes,Beans Rosecoco,Bag,90,6200.0,11/25/2015 0:00
Legumes,Beans Mwitemania,Bag,90,5746.0,11/25/2015 0:00
Legumes,Mwezi Moja,Bag,90,5811.0,11/25/2015 0:00
Legumes,Dolichos (Njahi),Bag,90,11256.0,11/25/2015 0:00
Legumes,Green Gram,Bag,90,10033.0,11/25/2015 0:00
Legumes,Cowpeas,Bag,90,6230.0,11/25/2015 0:00
Legumes,Fresh Peas,Bag,51,2967.0,11/25/2015 0:00
Legumes,Groundnuts,Bag,110,12881.0,11/25/2015 0:00
Roots & Tubers,Red Irish Potatoes,Bag,110,3566.0,11/25/2015 0:00
Roots & Tubers,White Irish Potatoes,Bag,110,3770.0,11/25/2015 0:00
Roots & Tubers,Cassava Fresh,Bag,99,2101.0,11/25/2015 0:00
Roots & Tubers,Sweet Potatoes,Bag,98,3000.0,11/25/2015 0:00
Cereals,Dry Maize,Bag,90,2610.0,12/25/2015 0:00
Cereals,Green Maize,Ext Bag,115,2535.0,12/25/2015 0:00
Cereals,Finger Millet,Bag,90,6469.0,12/25/2015 0:00
Cereals,Sorghum,Bag,90,3776.0,12/25/2015 0:00
Cereals,Wheat,Bag,90,3768.0,12/25/2015 0:00
Legumes,Beans Canadian,Bag,90,6031.0,12/25/2015 0:00
Legumes,Beans Rosecoco,Bag,90,6123.0,12/25/2015 0:00
Legumes,Beans Mwitemania,Bag,90,5727.0,12/25/2015 0:00
Legumes,Mwezi Moja,Bag,90,5715.0,12/25/2015 0:00
Legumes,Dolichos (Njahi),Bag,90,12622.0,12/25/2015 0:00
Legumes,Green Gram,Bag,90,9962.0,12/25/2015 0:00
Legumes,Cowpeas,Bag,90,6239.0,12/25/2015 0:00
Legumes,Fresh Peas,Bag,51,3582.0,12/25/2015 0:00
Legumes,Groundnuts,Bag,110,12986.0,12/25/2015 0:00
Roots & Tubers,Red Irish Potatoes,Bag,110,2805.0,12/25/2015 0:00
Roots & Tubers,White Irish Potatoes,Bag,110,2885.0,12/25/2015 0:00
Roots & Tubers,Cassava Fresh,Bag,99,2097.0,12/25/2015 0:00
Roots & Tubers,Sweet Potatoes,Bag,98,3067.0,12/25/2015 0:00
