Produce_Variety,Commodity_Type,Unit,Volume_in_Kgs,Values_in_Ksh,Date,OBJECTID
Horticulture,Cabbages,Ext Bag,126,KES2205.00,1/1/2012 0:00,0
Horticulture,Cooking Bananas,Med Bunch,22,KES511.00,1/1/2012 0:00,1
Horticulture,Ripe Bananas,Med Bunch,14,KES616.00,1/1/2012 0:00,2
Horticulture,Carrots,Ext Bag,138,KES2833.00,1/1/2012 0:00,3
Horticulture,Tomatoes,Lg Box,64,KES3411.00,1/1/2012 0:00,4
Horticulture,Onions Dry,net,13,KES1043.00,1/1/2012 0:00,5
Horticulture,Spring Onions,Bag,142,KES1997.00,1/1/2012 0:00,6
Horticulture,Chillies,Bag,38,KES2163.00,1/1/2012 0:00,7
Horticulture,Cucumber,Bag,50,KES2377.00,1/1/2012 0:00,8
Horticulture,Capsicums,Bag,50,KES2349.00,1/1/2012 0:00,9
Horticulture,Brinjals,Bag,44,KES1614.00,1/1/2012 0:00,10
Horticulture,Cauliflower,crate,39,KES2737.00,1/1/2012 0:00,11
Horticulture,Lettuce,Bag,51,KES2833.00,1/1/2012 0:00,12
Horticulture,Passion Fruits,Bag,57,KES4063.00,1/1/2012 0:00,13
Horticulture,Oranges,Bag,93,KES2757.00,1/1/2012 0:00,14
Horticulture,Lemons,Bag,95,KES1445.00,1/1/2012 0:00,15
Horticulture,Mangoes Local,Bag,126,KES1514.00,1/1/2012 0:00,16
Horticulture,Mangoes Ngowe,Sm Basket,25,KES785.00,1/1/2012 0:00,17
Horticulture,Limes,net,13,KES570.00,1/1/2012 0:00,18
Horticulture,Pineapples,Dozen,13,KES748.00,1/1/2012 0:00,19
Horticulture,Pawpaw,Lg Box,54,KES1392.00,1/1/2012 0:00,20
Horticulture,Avocado,Bag,90,KES2232.00,1/1/2012 0:00,21
Horticulture,Kales,Bag,50,KES1328.00,1/1/2012 0:00,22
Horticulture,Cabbages,Ext Bag,126,KES2739.00,2/1/2012 0:00,23
Horticulture,Cooking Bananas,Med Bunch,22,KES531.00,2/1/2012 0:00,24
Horticulture,Ripe Bananas,Med Bunch,14,KES570.00,2/1/2012 0:00,25
Horticulture,Carrots,Ext Bag,138,KES2754.00,2/1/2012 0:00,26
Horticulture,Tomatoes,Lg Box,64,KES4100.00,2/1/2012 0:00,27
Horticulture,Onions Dry,net,13,KES863.00,2/1/2012 0:00,28
Horticulture,Spring Onions,Bag,142,KES2142.00,2/1/2012 0:00,29
Horticulture,Chillies,Bag,38,KES2610.00,2/1/2012 0:00,30
Horticulture,Cucumber,Bag,50,KES1598.00,2/1/2012 0:00,31
Horticulture,Capsicums,Bag,50,KES2727.00,2/1/2012 0:00,32
Horticulture,Brinjals,Bag,44,KES1578.00,2/1/2012 0:00,33
Horticulture,Cauliflower,crate,39,KES2933.00,2/1/2012 0:00,34
Horticulture,Lettuce,Bag,51,KES2863.00,2/1/2012 0:00,35
Horticulture,Passion Fruits,Bag,57,KES3512.00,2/1/2012 0:00,36
Horticulture,Oranges,Bag,93,KES2880.00,2/1/2012 0:00,37
Horticulture,Lemons,Bag,95,KES1433.00,2/1/2012 0:00,38
Horticulture,Mangoes Local,Bag,126,KES1726.00,2/1/2012 0:00,39
Horticulture,Mangoes Ngowe,Sm Basket,25,KES817.00,2/1/2012 0:00,40
Horticulture,Limes,net,13,KES544.00,2/1/2012 0:00,41
Horticulture,Pineapples,Dozen,13,KES695.00,2/1/2012 0:00,42
Horticulture,Pawpaw,Lg Box,54,KES1535.00,2/1/2012 0:00,43
Horticulture,Avocado,Bag,90,KES2439.00,2/1/2012 0:00,44
Horticulture,Kales,Bag,50,KES1985.00,2/1/2012 0:00,45
Horticulture,Cabbages,Ext Bag,126,KES3049.00,3/1/2012 0:00,46
Horticulture,Cooking Bananas,Med Bunch,22,KES570.00,3/1/2012 0:00,47
Horticulture,Ripe Bananas,Med Bunch,14,KES635.00,3/1/2012 0:00,48
Horticulture,Carrots,Ext Bag,138,KES3223.00,3/1/2012 0:00,49
Horticulture,Tomatoes,Lg Box,64,KES3685.00,3/1/2012 0:00,50
Horticulture,Onions Dry,net,13,KES992.00,3/1/2012 0:00,51
Horticulture,Spring Onions,Bag,142,KES1981.00,3/1/2012 0:00,52
Horticulture,Chillies,Bag,38,KES2954.00,3/1/2012 0:00,53
Horticulture,Cucumber,Bag,50,KES2413.00,3/1/2012 0:00,54
Horticulture,Capsicums,Bag,50,KES3247.00,3/1/2012 0:00,55
Horticulture,Brinjals,Bag,44,KES1559.00,3/1/2012 0:00,56
Horticulture,Cauliflower,crate,39,KES2018.00,3/1/2012 0:00,57
Horticulture,Lettuce,Bag,51,KES2939.00,3/1/2012 0:00,58
Horticulture,Passion Fruits,Bag,57,KES3351.00,3/1/2012 0:00,59
Horticulture,Oranges,Bag,93,KES3075.00,3/1/2012 0:00,60
Horticulture,Lemons,Bag,95,KES1300.00,3/1/2012 0:00,61
Horticulture,Mangoes Local,Bag,126,KES2015.00,3/1/2012 0:00,62
Horticulture,Mangoes Ngowe,Sm Basket,25,KES1130.00,3/1/2012 0:00,63
Horticulture,Limes,net,13,KES541.00,3/1/2012 0:00,64
Horticulture,Pineapples,Dozen,13,KES748.00,3/1/2012 0:00,65
Horticulture,Pawpaw,Lg Box,54,KES1503.00,3/1/2012 0:00,66
Horticulture,Avocado,Bag,90,KES2252.00,3/1/2012 0:00,67
Horticulture,Kales,Bag,50,KES2049.00,3/1/2012 0:00,68
Horticulture,Cabbages,Ext Bag,126,KES2625.00,4/1/2012 0:00,69
Horticulture,Cooking Bananas,Med Bunch,22,KES543.00,4/1/2012 0:00,70
Horticulture,Ripe Bananas,Med Bunch,14,KES623.00,4/1/2012 0:00,71
Horticulture,Carrots,Ext Bag,138,KES3536.00,4/1/2012 0:00,72
Horticulture,Tomatoes,Lg Box,64,KES2820.00,4/1/2012 0:00,73
Horticulture,Onions Dry,net,13,KES1174.00,4/1/2012 0:00,74
Horticulture,Spring Onions,Bag,142,KES1833.00,4/1/2012 0:00,75
Horticulture,Chillies,Bag,38,KES2769.00,4/1/2012 0:00,76
Horticulture,Cucumber,Bag,50,KES2207.00,4/1/2012 0:00,77
Horticulture,Capsicums,Bag,50,KES2889.00,4/1/2012 0:00,78
Horticulture,Brinjals,Bag,44,KES1692.00,4/1/2012 0:00,79
Horticulture,Cauliflower,crate,39,KES2865.00,4/1/2012 0:00,80
Horticulture,Lettuce,Bag,51,KES3729.00,4/1/2012 0:00,81
Horticulture,Passion Fruits,Bag,57,KES3589.00,4/1/2012 0:00,82
Horticulture,Oranges,Bag,93,KES2792.00,4/1/2012 0:00,83
Horticulture,Lemons,Bag,95,KES1199.00,4/1/2012 0:00,84
Horticulture,Mangoes Local,Bag,126,KES1993.00,4/1/2012 0:00,85
Horticulture,Mangoes Ngowe,Sm Basket,25,KES1069.00,4/1/2012 0:00,86
Horticulture,Limes,net,13,KES601.00,4/1/2012 0:00,87
Horticulture,Pineapples,Dozen,13,KES747.00,4/1/2012 0:00,88
Horticulture,Pawpaw,Lg Box,54,KES1538.00,4/1/2012 0:00,89
Horticulture,Avocado,Bag,90,KES2044.00,4/1/2012 0:00,90
Horticulture,Kales,Bag,50,KES1580.00,4/1/2012 0:00,91
Horticulture,Cabbages,Ext Bag,126,KES2105.00,5/1/2012 0:00,92
Horticulture,Cooking Bananas,Med Bunch,22,KES565.00,5/1/2012 0:00,93
Horticulture,Ripe Bananas,Med Bunch,14,KES630.00,5/1/2012 0:00,94
Horticulture,Carrots,Ext Bag,138,KES3752.00,5/1/2012 0:00,95
Horticulture,Tomatoes,Lg Box,64,KES3302.00,5/1/2012 0:00,96
Horticulture,Onions Dry,net,13,KES1153.00,5/1/2012 0:00,97
Horticulture,Spring Onions,Bag,142,KES1793.00,5/1/2012 0:00,98
Horticulture,Chillies,Bag,38,KES2889.00,5/1/2012 0:00,99
Horticulture,Cucumber,Bag,50,KES2072.00,5/1/2012 0:00,100
Horticulture,Capsicums,Bag,50,KES2758.00,5/1/2012 0:00,101
Horticulture,Brinjals,Bag,44,KES1390.00,5/1/2012 0:00,102
Horticulture,Cauliflower,crate,39,KES2969.00,5/1/2012 0:00,103
Horticulture,Lettuce,Bag,51,KES3390.00,5/1/2012 0:00,104
Horticulture,Passion Fruits,Bag,57,KES3633.00,5/1/2012 0:00,105
Horticulture,Oranges,Bag,93,KES2708.00,5/1/2012 0:00,106
Horticulture,Lemons,Bag,95,KES1461.00,5/1/2012 0:00,107
Horticulture,Mangoes Local,Bag,126,KES1960.00,5/1/2012 0:00,108
Horticulture,Mangoes Ngowe,Sm Basket,25,KES1132.00,5/1/2012 0:00,109
Horticulture,Limes,net,13,KES681.00,5/1/2012 0:00,110
Horticulture,Pineapples,Dozen,13,KES788.00,5/1/2012 0:00,111
Horticulture,Pawpaw,Lg Box,54,KES1428.00,5/1/2012 0:00,112
Horticulture,Avocado,Bag,90,KES1939.00,5/1/2012 0:00,113
Horticulture,Kales,Bag,50,KES1206.00,5/1/2012 0:00,114
Horticulture,Cabbages,Ext Bag,126,KES2221.00,6/1/2012 0:00,115
Horticulture,Cooking Bananas,Med Bunch,22,KES589.00,6/1/2012 0:00,116
Horticulture,Ripe Bananas,Med Bunch,14,KES659.00,6/1/2012 0:00,117
Horticulture,Carrots,Ext Bag,138,KES4147.00,6/1/2012 0:00,118
Horticulture,Tomatoes,Lg Box,64,KES4172.00,6/1/2012 0:00,119
Horticulture,Onions Dry,net,13,KES1229.00,6/1/2012 0:00,120
Horticulture,Spring Onions,Bag,142,KES1993.00,6/1/2012 0:00,121
Horticulture,Chillies,Bag,38,KES2658.00,6/1/2012 0:00,122
Horticulture,Cucumber,Bag,50,KES1893.00,6/1/2012 0:00,123
Horticulture,Capsicums,Bag,50,KES2758.00,6/1/2012 0:00,124
Horticulture,Brinjals,Bag,44,KES1606.00,6/1/2012 0:00,125
Horticulture,Cauliflower,crate,39,KES2147.00,6/1/2012 0:00,126
Horticulture,Lettuce,Bag,51,KES3281.00,6/1/2012 0:00,127
Horticulture,Passion Fruits,Bag,57,KES3636.00,6/1/2012 0:00,128
Horticulture,Oranges,Bag,93,KES2410.00,6/1/2012 0:00,129
Horticulture,Lemons,Bag,95,KES1767.00,6/1/2012 0:00,130
Horticulture,Mangoes Local,Bag,126,KES2018.00,6/1/2012 0:00,131
Horticulture,Mangoes Ngowe,Sm Basket,25,KES1004.00,6/1/2012 0:00,132
Horticulture,Limes,net,13,KES655.00,6/1/2012 0:00,133
Horticulture,Pineapples,Dozen,13,KES851.00,6/1/2012 0:00,134
Horticulture,Pawpaw,Lg Box,54,KES1406.00,6/1/2012 0:00,135
Horticulture,Avocado,Bag,90,KES1971.00,6/1/2012 0:00,136
Horticulture,Kales,Bag,50,KES1272.00,6/1/2012 0:00,137
Horticulture,Cabbages,Ext Bag,126,KES2034.00,7/1/2012 0:00,138
Horticulture,Cooking Bananas,Med Bunch,22,KES544.00,7/1/2012 0:00,139
Horticulture,Ripe Bananas,Med Bunch,14,KES582.00,7/1/2012 0:00,140
Horticulture,Carrots,Ext Bag,138,KES4534.00,7/1/2012 0:00,141
Horticulture,Tomatoes,Lg Box,64,KES2602.00,7/1/2012 0:00,142
Horticulture,Onions Dry,net,13,KES1004.00,7/1/2012 0:00,143
Horticulture,Spring Onions,Bag,142,KES2103.00,7/1/2012 0:00,144
Horticulture,Chillies,Bag,38,KES2785.00,7/1/2012 0:00,145
Horticulture,Cucumber,Bag,50,KES1917.00,7/1/2012 0:00,146
Horticulture,Capsicums,Bag,50,KES2552.00,7/1/2012 0:00,147
Horticulture,Brinjals,Bag,44,KES1592.00,7/1/2012 0:00,148
Horticulture,Cauliflower,crate,39,KES2744.00,7/1/2012 0:00,149
Horticulture,Lettuce,Bag,51,KES3563.00,7/1/2012 0:00,150
Horticulture,Passion Fruits,Bag,57,KES3726.00,7/1/2012 0:00,151
Horticulture,Oranges,Bag,93,KES2413.00,7/1/2012 0:00,152
Horticulture,Lemons,Bag,95,KES1695.00,7/1/2012 0:00,153
Horticulture,Mangoes Local,Bag,126,KES1750.00,7/1/2012 0:00,154
Horticulture,Mangoes Ngowe,Sm Basket,25,KES1063.00,7/1/2012 0:00,155
Horticulture,Limes,net,13,KES602.00,7/1/2012 0:00,156
Horticulture,Pineapples,Dozen,13,KES831.00,7/1/2012 0:00,157
Horticulture,Pawpaw,Lg Box,54,KES1432.00,7/1/2012 0:00,158
Horticulture,Avocado,Bag,90,KES1741.00,7/1/2012 0:00,159
Horticulture,Kales,Bag,50,KES824.00,7/1/2012 0:00,160
Horticulture,Cabbages,Ext Bag,126,KES1905.00,8/1/2012 0:00,161
Horticulture,Cooking Bananas,Med Bunch,22,KES572.00,8/1/2012 0:00,162
Horticulture,Ripe Bananas,Med Bunch,14,KES542.00,8/1/2012 0:00,163
Horticulture,Carrots,Ext Bag,138,KES3850.00,8/1/2012 0:00,164
Horticulture,Tomatoes,Lg Box,64,KES2576.00,8/1/2012 0:00,165
Horticulture,Onions Dry,net,13,KES887.00,8/1/2012 0:00,166
Horticulture,Spring Onions,Bag,142,KES1975.00,8/1/2012 0:00,167
Horticulture,Chillies,Bag,38,KES2652.00,8/1/2012 0:00,168
Horticulture,Cucumber,Bag,50,KES1572.00,8/1/2012 0:00,169
Horticulture,Capsicums,Bag,50,KES2769.00,8/1/2012 0:00,170
Horticulture,Brinjals,Bag,44,KES1544.00,8/1/2012 0:00,171
Horticulture,Cauliflower,crate,39,KES2408.00,8/1/2012 0:00,172
Horticulture,Lettuce,Bag,51,KES4246.00,8/1/2012 0:00,173
Horticulture,Passion Fruits,Bag,57,KES3291.00,8/1/2012 0:00,174
Horticulture,Oranges,Bag,93,KES2736.00,8/1/2012 0:00,175
Horticulture,Lemons,Bag,95,KES1749.00,8/1/2012 0:00,176
Horticulture,Mangoes Local,Bag,126,KES1791.00,8/1/2012 0:00,177
Horticulture,Mangoes Ngowe,Sm Basket,25,KES1013.00,8/1/2012 0:00,178
Horticulture,Limes,net,13,KES817.00,8/1/2012 0:00,179
Horticulture,Pineapples,Dozen,13,KES698.00,8/1/2012 0:00,180
Horticulture,Pawpaw,Lg Box,54,KES1388.00,8/1/2012 0:00,181
Horticulture,Avocado,Bag,90,KES1634.00,8/1/2012 0:00,182
Horticulture,Kales,Bag,50,KES682.00,8/1/2012 0:00,183
Horticulture,Cabbages,Ext Bag,126,KES1792.00,9/1/2012 0:00,184
Horticulture,Cooking Bananas,Med Bunch,22,KES571.00,9/1/2012 0:00,185
Horticulture,Ripe Bananas,Med Bunch,14,KES573.00,9/1/2012 0:00,186
Horticulture,Carrots,Ext Bag,138,KES3261.00,9/1/2012 0:00,187
Horticulture,Tomatoes,Lg Box,64,KES2602.00,9/1/2012 0:00,188
Horticulture,Onions Dry,net,13,KES1018.00,9/1/2012 0:00,189
Horticulture,Spring Onions,Bag,142,KES2097.00,9/1/2012 0:00,190
Horticulture,Chillies,Bag,38,KES3783.00,9/1/2012 0:00,191
Horticulture,Cucumber,Bag,50,KES1735.00,9/1/2012 0:00,192
Horticulture,Capsicums,Bag,50,KES2674.00,9/1/2012 0:00,193
Horticulture,Brinjals,Bag,44,KES1474.00,9/1/2012 0:00,194
Horticulture,Cauliflower,crate,39,KES2087.00,9/1/2012 0:00,195
Horticulture,Lettuce,Bag,51,KES4983.00,9/1/2012 0:00,196
Horticulture,Passion Fruits,Bag,57,KES3536.00,9/1/2012 0:00,197
Horticulture,Oranges,Bag,93,KES3163.00,9/1/2012 0:00,198
Horticulture,Lemons,Bag,95,KES1374.00,9/1/2012 0:00,199
Horticulture,Mangoes Local,Bag,126,KES2013.00,9/1/2012 0:00,200
Horticulture,Mangoes Ngowe,Sm Basket,25,KES932.00,9/1/2012 0:00,201
Horticulture,Limes,net,13,KES626.00,9/1/2012 0:00,202
Horticulture,Pineapples,Dozen,13,KES935.00,9/1/2012 0:00,203
Horticulture,Pawpaw,Lg Box,54,KES1715.00,9/1/2012 0:00,204
Horticulture,Avocado,Bag,90,KES1975.00,9/1/2012 0:00,205
Horticulture,Kales,Bag,50,KES764.00,9/1/2012 0:00,206
Horticulture,Cabbages,Ext Bag,126,KES1643.00,10/1/2012 0:00,207
Horticulture,Cooking Bananas,Med Bunch,22,KES626.00,10/1/2012 0:00,208
Horticulture,Ripe Bananas,Med Bunch,14,KES636.00,10/1/2012 0:00,209
Horticulture,Carrots,Ext Bag,138,KES2778.00,10/1/2012 0:00,210
Horticulture,Tomatoes,Lg Box,64,KES2576.00,10/1/2012 0:00,211
Horticulture,Onions Dry,net,13,KES819.00,10/1/2012 0:00,212
Horticulture,Spring Onions,Bag,142,KES1852.00,10/1/2012 0:00,213
Horticulture,Chillies,Bag,38,KES2592.00,10/1/2012 0:00,214
Horticulture,Cucumber,Bag,50,KES2020.00,10/1/2012 0:00,215
Horticulture,Capsicums,Bag,50,KES2439.00,10/1/2012 0:00,216
Horticulture,Brinjals,Bag,44,KES1386.00,10/1/2012 0:00,217
Horticulture,Cauliflower,crate,39,KES1883.00,10/1/2012 0:00,218
Horticulture,Lettuce,Bag,51,KES4944.00,10/1/2012 0:00,219
Horticulture,Passion Fruits,Bag,57,KES3429.00,10/1/2012 0:00,220
Horticulture,Oranges,Bag,93,KES3003.00,10/1/2012 0:00,221
Horticulture,Lemons,Bag,95,KES1455.00,10/1/2012 0:00,222
Horticulture,Mangoes Local,Bag,126,KES1862.00,10/1/2012 0:00,223
Horticulture,Mangoes Ngowe,Sm Basket,25,KES1174.00,10/1/2012 0:00,224
Horticulture,Limes,net,13,KES680.00,10/1/2012 0:00,225
Horticulture,Pineapples,Dozen,13,KES841.00,10/1/2012 0:00,226
Horticulture,Pawpaw,Lg Box,54,KES1431.00,10/1/2012 0:00,227
Horticulture,Avocado,Bag,90,KES1860.00,10/1/2012 0:00,228
Horticulture,Kales,Bag,50,KES749.00,10/1/2012 0:00,229
Horticulture,Cabbages,Ext Bag,126,KES1410.00,11/1/2012 0:00,230
Horticulture,Cooking Bananas,Med Bunch,22,KES548.00,11/1/2012 0:00,231
Horticulture,Ripe Bananas,Med Bunch,14,KES593.00,11/1/2012 0:00,232
Horticulture,Carrots,Ext Bag,138,KES2515.00,11/1/2012 0:00,233
Horticulture,Tomatoes,Lg Box,64,KES3392.00,11/1/2012 0:00,234
Horticulture,Onions Dry,net,13,KES907.00,11/1/2012 0:00,235
Horticulture,Spring Onions,Bag,142,KES2015.00,11/1/2012 0:00,236
Horticulture,Chillies,Bag,38,KES2387.00,11/1/2012 0:00,237
Horticulture,Cucumber,Bag,50,KES1756.00,11/1/2012 0:00,238
Horticulture,Capsicums,Bag,50,KES2088.00,11/1/2012 0:00,239
Horticulture,Brinjals,Bag,44,KES1325.00,11/1/2012 0:00,240
Horticulture,Cauliflower,crate,39,KES1364.00,11/1/2012 0:00,241
Horticulture,Lettuce,Bag,51,KES2182.00,11/1/2012 0:00,242
Horticulture,Passion Fruits,Bag,57,KES3505.00,11/1/2012 0:00,243
Horticulture,Oranges,Bag,93,KES2678.00,11/1/2012 0:00,244
Horticulture,Lemons,Bag,95,KES1546.00,11/1/2012 0:00,245
Horticulture,Mangoes Local,Bag,126,KES1807.00,11/1/2012 0:00,246
Horticulture,Mangoes Ngowe,Sm Basket,25,KES875.00,11/1/2012 0:00,247
Horticulture,Limes,net,13,KES847.00,11/1/2012 0:00,248
Horticulture,Pineapples,Dozen,13,KES778.00,11/1/2012 0:00,249
Horticulture,Pawpaw,Lg Box,54,KES1298.00,11/1/2012 0:00,250
Horticulture,Avocado,Bag,90,KES1847.00,11/1/2012 0:00,251
Horticulture,Kales,Bag,50,KES670.00,11/1/2012 0:00,252
Horticulture,Cabbages,Ext Bag,126,KES1504.00,12/1/2012 0:00,253
Horticulture,Cooking Bananas,Med Bunch,22,KES547.00,12/1/2012 0:00,254
Horticulture,Ripe Bananas,Med Bunch,14,KES577.00,12/1/2012 0:00,255
Horticulture,Carrots,Ext Bag,138,KES2507.00,12/1/2012 0:00,256
Horticulture,Tomatoes,Lg Box,64,KES3348.00,12/1/2012 0:00,257
Horticulture,Onions Dry,net,13,KES900.00,12/1/2012 0:00,258
Horticulture,Spring Onions,Bag,142,KES2390.00,12/1/2012 0:00,259
Horticulture,Chillies,Bag,38,KES3300.00,12/1/2012 0:00,260
Horticulture,Cucumber,Bag,50,KES1861.00,12/1/2012 0:00,261
Horticulture,Capsicums,Bag,50,KES2222.00,12/1/2012 0:00,262
Horticulture,Brinjals,Bag,44,KES1427.00,12/1/2012 0:00,263
Horticulture,Cauliflower,crate,39,KES1993.00,12/1/2012 0:00,264
Horticulture,Lettuce,Bag,51,KES3932.00,12/1/2012 0:00,265
Horticulture,Passion Fruits,Bag,57,KES3548.00,12/1/2012 0:00,266
Horticulture,Oranges,Bag,93,KES2877.00,12/1/2012 0:00,267
Horticulture,Lemons,Bag,95,KES1911.00,12/1/2012 0:00,268
Horticulture,Mangoes Local,Bag,126,KES2124.00,12/1/2012 0:00,269
Horticulture,Mangoes Ngowe,Sm Basket,25,KES912.00,12/1/2012 0:00,270
Horticulture,Limes,net,13,KES728.00,12/1/2012 0:00,271
Horticulture,Pineapples,Dozen,13,KES727.00,12/1/2012 0:00,272
Horticulture,Pawpaw,Lg Box,54,KES1611.00,12/1/2012 0:00,273
Horticulture,Avocado,Bag,90,KES2255.00,12/1/2012 0:00,274
Horticulture,Kales,Bag,50,KES690.00,12/1/2012 0:00,275
Horticulture,Cabbages,Ext Bag,126,KES1466.00,1/1/2013 0:00,276
Horticulture,Kales,Bag,50,KES685.00,1/1/2013 0:00,277
Horticulture,Avocado,Bag,90,KES1981.00,1/1/2013 0:00,278
Horticulture,Pawpaw,Lg Box,54,KES1479.00,1/1/2013 0:00,279
Horticulture,Pineapples,Dozen,13,KES897.00,1/1/2013 0:00,280
Horticulture,Limes,net,13,KES582.00,1/1/2013 0:00,281
Horticulture,Mangoes Ngowe,Sm Basket,25,KES827.00,1/1/2013 0:00,282
Horticulture,Mangoes Local,Bag,126,KES1833.00,1/1/2013 0:00,283
Horticulture,Lemons,Bag,95,KES1875.00,1/1/2013 0:00,284
Horticulture,Oranges,Bag,93,KES2938.00,1/1/2013 0:00,285
Horticulture,Passion Fruits,Bag,57,KES3180.00,1/1/2013 0:00,286
Horticulture,Lettuce,Bag,51,KES4047.00,1/1/2013 0:00,287
Horticulture,Cauliflower,crate,39,KES2098.00,1/1/2013 0:00,288
Horticulture,Brinjals,Bag,44,KES1547.00,1/1/2013 0:00,289
Horticulture,Capsicums,Bag,50,KES2099.00,1/1/2013 0:00,290
Horticulture,Cucumber,Bag,50,KES1697.00,1/1/2013 0:00,291
Horticulture,Chillies,Bag,38,KES2403.00,1/1/2013 0:00,292
Horticulture,Spring Onions,Bag,142,KES1785.00,1/1/2013 0:00,293
Horticulture,Onions Dry,net,13,KES797.00,1/1/2013 0:00,294
Horticulture,Tomatoes,Lg Box,64,KES2831.00,1/1/2013 0:00,295
Horticulture,Carrots,Ext Bag,138,KES2538.00,1/1/2013 0:00,296
Horticulture,Ripe Bananas,Med Bunch,14,KES609.00,1/1/2013 0:00,297
Horticulture,Cooking Bananas,Med Bunch,22,KES586.00,1/1/2013 0:00,298
Horticulture,Cooking Bananas,Med Bunch,22,KES629.00,2/1/2013 0:00,299
Horticulture,Kales,Bag,50,KES804.00,2/1/2013 0:00,300
Horticulture,Avocado,Bag,90,KES2394.00,2/1/2013 0:00,301
Horticulture,Pawpaw,Lg Box,54,KES1472.00,2/1/2013 0:00,302
Horticulture,Pineapples,Dozen,13,KES750.00,2/1/2013 0:00,303
Horticulture,Limes,net,13,KES710.00,2/1/2013 0:00,304
Horticulture,Mangoes Ngowe,Sm Basket,25,KES927.00,2/1/2013 0:00,305
Horticulture,Mangoes Local,Bag,126,KES1957.00,2/1/2013 0:00,306
Horticulture,Lemons,Bag,95,KES2051.00,2/1/2013 0:00,307
Horticulture,Oranges,Bag,93,KES3230.00,2/1/2013 0:00,308
Horticulture,Passion Fruits,Bag,57,KES2955.00,2/1/2013 0:00,309
Horticulture,Lettuce,Bag,51,KES3476.00,2/1/2013 0:00,310
Horticulture,Cauliflower,crate,39,KES2483.00,2/1/2013 0:00,311
Horticulture,Brinjals,Bag,44,KES1836.00,2/1/2013 0:00,312
Horticulture,Capsicums,Bag,50,KES2517.00,2/1/2013 0:00,313
Horticulture,Cucumber,Bag,50,KES2251.00,2/1/2013 0:00,314
Horticulture,Chillies,Bag,38,KES2989.00,2/1/2013 0:00,315
Horticulture,Spring Onions,Bag,142,KES2254.00,2/1/2013 0:00,316
Horticulture,Onions Dry,net,13,KES792.00,2/1/2013 0:00,317
Horticulture,Tomatoes,Lg Box,64,KES2969.00,2/1/2013 0:00,318
Horticulture,Carrots,Ext Bag,138,KES2669.00,2/1/2013 0:00,319
Horticulture,Ripe Bananas,Med Bunch,14,KES708.00,2/1/2013 0:00,320
Horticulture,Cabbages,Ext Bag,126,KES1798.00,2/1/2013 0:00,321
Horticulture,Cabbages,Ext Bag,126,KES1667.00,3/1/2013 0:00,322
Horticulture,Cooking Bananas,Med Bunch,22,KES539.00,3/1/2013 0:00,323
Horticulture,Ripe Bananas,Med Bunch,14,KES607.00,3/1/2013 0:00,324
Horticulture,Carrots,Ext Bag,138,KES2969.00,3/1/2013 0:00,325
Horticulture,Tomatoes,Lg Box,64,KES3669.00,3/1/2013 0:00,326
Horticulture,Onions Dry,net,13,KES883.00,3/1/2013 0:00,327
Horticulture,Spring Onions,Bag,142,KES2159.00,3/1/2013 0:00,328
Horticulture,Chillies,Bag,38,KES2377.00,3/1/2013 0:00,329
Horticulture,Cucumber,Bag,50,KES2742.00,3/1/2013 0:00,330
Horticulture,Capsicums,Bag,50,KES2750.00,3/1/2013 0:00,331
Horticulture,Brinjals,Bag,44,KES1587.00,3/1/2013 0:00,332
Horticulture,Cauliflower,crate,39,KES2452.00,3/1/2013 0:00,333
Horticulture,Lettuce,Bag,51,KES3470.00,3/1/2013 0:00,334
Horticulture,Passion Fruits,Bag,57,KES3988.00,3/1/2013 0:00,335
Horticulture,Oranges,Bag,93,KES3053.00,3/1/2013 0:00,336
Horticulture,Lemons,Bag,95,KES2039.00,3/1/2013 0:00,337
Horticulture,Mangoes Local,Bag,126,KES2105.00,3/1/2013 0:00,338
Horticulture,Mangoes Ngowe,Sm Basket,25,KES1149.00,3/1/2013 0:00,339
Horticulture,Limes,net,13,KES679.00,3/1/2013 0:00,340
Horticulture,Pineapples,Dozen,13,KES728.00,3/1/2013 0:00,341
Horticulture,Pawpaw,Lg Box,54,KES1521.00,3/1/2013 0:00,342
Horticulture,Avocado,Bag,90,KES2322.00,3/1/2013 0:00,343
Horticulture,Kales,Bag,50,KES1039.00,3/1/2013 0:00,344
Horticulture,Cabbages,Ext Bag,126,KES1638.00,4/1/2013 0:00,345
Horticulture,Cooking Bananas,Med Bunch,22,KES545.00,4/1/2013 0:00,346
Horticulture,Ripe Bananas,Med Bunch,14,KES620.00,4/1/2013 0:00,347
Horticulture,Carrots,Ext Bag,138,KES3223.00,4/1/2013 0:00,348
Horticulture,Tomatoes,Lg Box,64,KES5182.00,4/1/2013 0:00,349
Horticulture,Onions Dry,net,13,KES850.00,4/1/2013 0:00,350
Horticulture,Spring Onions,Bag,142,KES2194.00,4/1/2013 0:00,351
Horticulture,Chillies,Bag,38,KES3064.00,4/1/2013 0:00,352
Horticulture,Cucumber,Bag,50,KES2405.00,4/1/2013 0:00,353
Horticulture,Capsicums,Bag,50,KES2930.00,4/1/2013 0:00,354
Horticulture,Brinjals,Bag,44,KES1664.00,4/1/2013 0:00,355
Horticulture,Cauliflower,crate,39,KES3781.00,4/1/2013 0:00,356
Horticulture,Lettuce,Bag,51,KES3202.00,4/1/2013 0:00,357
Horticulture,Passion Fruits,Bag,57,KES3725.00,4/1/2013 0:00,358
Horticulture,Oranges,Bag,93,KES2948.00,4/1/2013 0:00,359
Horticulture,Lemons,Bag,95,KES1960.00,4/1/2013 0:00,360
Horticulture,Mangoes Local,Bag,126,KES2444.00,4/1/2013 0:00,361
Horticulture,Mangoes Ngowe,Sm Basket,25,KES770.00,4/1/2013 0:00,362
Horticulture,Limes,net,13,KES635.00,4/1/2013 0:00,363
Horticulture,Pineapples,Dozen,13,KES780.00,4/1/2013 0:00,364
Horticulture,Pawpaw,Lg Box,54,KES1473.00,4/1/2013 0:00,365
Horticulture,Avocado,Bag,90,KES2287.00,4/1/2013 0:00,366
Horticulture,Kales,Bag,50,KES848.00,4/1/2013 0:00,367
Horticulture,Lettuce,Bag,51,KES4090.00,5/1/2013 0:00,368
Horticulture,Kales,Bag,50,KES1277.00,5/1/2013 0:00,369
Horticulture,Avocado,Bag,90,KES2705.00,5/1/2013 0:00,370
Horticulture,Pawpaw,Lg Box,54,KES1777.00,5/1/2013 0:00,371
Horticulture,Pineapples,Dozen,13,KES754.00,5/1/2013 0:00,372
Horticulture,Limes,net,13,KES683.00,5/1/2013 0:00,373
Horticulture,Mangoes Ngowe,Sm Basket,25,KES1079.00,5/1/2013 0:00,374
Horticulture,Mangoes Local,Bag,126,KES2420.00,5/1/2013 0:00,375
Horticulture,Lemons,Bag,95,KES2112.00,5/1/2013 0:00,376
Horticulture,Oranges,Bag,93,KES2893.00,5/1/2013 0:00,377
Horticulture,Passion Fruits,Bag,57,KES3923.00,5/1/2013 0:00,378
Horticulture,Cauliflower,crate,39,KES3553.00,5/1/2013 0:00,379
Horticulture,Brinjals,Bag,44,KES1700.00,5/1/2013 0:00,380
Horticulture,Capsicums,Bag,50,KES2663.00,5/1/2013 0:00,381
Horticulture,Cucumber,Bag,50,KES2268.00,5/1/2013 0:00,382
Horticulture,Chillies,Bag,38,KES3105.00,5/1/2013 0:00,383
Horticulture,Spring Onions,Bag,142,KES2571.00,5/1/2013 0:00,384
Horticulture,Onions Dry,net,13,KES967.00,5/1/2013 0:00,385
Horticulture,Tomatoes,Lg Box,64,KES5596.00,5/1/2013 0:00,386
Horticulture,Carrots,Ext Bag,138,KES3318.00,5/1/2013 0:00,387
Horticulture,Ripe Bananas,Med Bunch,14,KES625.00,5/1/2013 0:00,388
Horticulture,Cooking Bananas,Med Bunch,22,KES618.00,5/1/2013 0:00,389
Horticulture,Cabbages,Ext Bag,126,KES2058.00,5/1/2013 0:00,390
Horticulture,Cooking Bananas,Med Bunch,22,KES541.00,6/1/2013 0:00,391
Horticulture,Ripe Bananas,Med Bunch,14,KES583.00,6/1/2013 0:00,392
Horticulture,Carrots,Ext Bag,138,KES3647.00,6/1/2013 0:00,393
Horticulture,Tomatoes,Lg Box,64,KES4037.00,6/1/2013 0:00,394
Horticulture,Onions Dry,net,13,KES1147.00,6/1/2013 0:00,395
Horticulture,Spring Onions,Bag,142,KES2480.00,6/1/2013 0:00,396
Horticulture,Chillies,Bag,38,KES2973.00,6/1/2013 0:00,397
Horticulture,Cucumber,Bag,50,KES1946.00,6/1/2013 0:00,398
Horticulture,Capsicums,Bag,50,KES3031.00,6/1/2013 0:00,399
Horticulture,Brinjals,Bag,44,KES1720.00,6/1/2013 0:00,400
Horticulture,Cauliflower,crate,39,KES3490.00,6/1/2013 0:00,401
Horticulture,Cabbages,Ext Bag,126,KES2465.00,6/1/2013 0:00,402
Horticulture,Lettuce,Bag,51,KES3748.00,6/1/2013 0:00,403
Horticulture,Passion Fruits,Bag,57,KES4041.00,6/1/2013 0:00,404
Horticulture,Oranges,Bag,93,KES2674.00,6/1/2013 0:00,405
Horticulture,Lemons,Bag,95,KES2085.00,6/1/2013 0:00,406
Horticulture,Mangoes Local,Bag,126,KES2078.00,6/1/2013 0:00,407
Horticulture,Mangoes Ngowe,Sm Basket,25,KES915.00,6/1/2013 0:00,408
Horticulture,Limes,net,13,KES443.00,6/1/2013 0:00,409
Horticulture,Pineapples,Dozen,13,KES700.00,6/1/2013 0:00,410
Horticulture,Pawpaw,Lg Box,54,KES1511.00,6/1/2013 0:00,411
Horticulture,Avocado,Bag,90,KES2097.00,6/1/2013 0:00,412
Horticulture,Kales,Bag,50,KES1626.00,6/1/2013 0:00,413
Horticulture,Cabbages,Ext Bag,126,KES2326.00,7/1/2013 0:00,414
Horticulture,Cooking Bananas,Med Bunch,22,KES518.00,7/1/2013 0:00,415
Horticulture,Ripe Bananas,Med Bunch,14,KES578.00,7/1/2013 0:00,416
Horticulture,Carrots,Ext Bag,138,KES3553.00,7/1/2013 0:00,417
Horticulture,Tomatoes,Lg Box,64,KES2786.00,7/1/2013 0:00,418
Horticulture,Onions Dry,net,13,KES957.00,7/1/2013 0:00,419
Horticulture,Spring Onions,Bag,142,KES2318.00,7/1/2013 0:00,420
Horticulture,Chillies,Bag,38,KES3251.00,7/1/2013 0:00,421
Horticulture,Cucumber,Bag,50,KES2505.00,7/1/2013 0:00,422
Horticulture,Capsicums,Bag,50,KES2767.00,7/1/2013 0:00,423
Horticulture,Brinjals,Bag,44,KES1851.00,7/1/2013 0:00,424
Horticulture,Cauliflower,crate,39,KES2333.00,7/1/2013 0:00,425
Horticulture,Lettuce,Bag,51,KES3246.00,7/1/2013 0:00,426
Horticulture,Passion Fruits,Bag,57,KES3740.00,7/1/2013 0:00,427
Horticulture,Oranges,Bag,93,KES2718.00,7/1/2013 0:00,428
Horticulture,Lemons,Bag,95,KES2023.00,7/1/2013 0:00,429
Horticulture,Mangoes Local,Bag,126,KES2208.00,7/1/2013 0:00,430
Horticulture,Mangoes Ngowe,Sm Basket,25,KES1064.00,7/1/2013 0:00,431
Horticulture,Limes,net,13,KES507.00,7/1/2013 0:00,432
Horticulture,Pineapples,Dozen,13,KES688.00,7/1/2013 0:00,433
Horticulture,Pawpaw,Lg Box,54,KES1609.00,7/1/2013 0:00,434
Horticulture,Avocado,Bag,90,KES2202.00,7/1/2013 0:00,435
Horticulture,Kales,Bag,50,KES1556.00,7/1/2013 0:00,436
Horticulture,Cauliflower,crate,39,KES2099.00,8/1/2013 0:00,437
Horticulture,Cabbages,Ext Bag,126,KES2433.00,8/1/2013 0:00,438
Horticulture,Cooking Bananas,Med Bunch,22,KES500.00,8/1/2013 0:00,439
Horticulture,Ripe Bananas,Med Bunch,14,KES553.00,8/1/2013 0:00,440
Horticulture,Carrots,Ext Bag,138,KES3469.00,8/1/2013 0:00,441
Horticulture,Tomatoes,Lg Box,64,KES2653.00,8/1/2013 0:00,442
Horticulture,Onions Dry,net,13,KES894.00,8/1/2013 0:00,443
Horticulture,Spring Onions,Bag,142,KES1820.00,8/1/2013 0:00,444
Horticulture,Chillies,Bag,38,KES2321.00,8/1/2013 0:00,445
Horticulture,Cucumber,Bag,50,KES2323.00,8/1/2013 0:00,446
Horticulture,Capsicums,Bag,50,KES3077.00,8/1/2013 0:00,447
Horticulture,Brinjals,Bag,44,KES1705.00,8/1/2013 0:00,448
Horticulture,Lettuce,Bag,51,KES3553.00,8/1/2013 0:00,449
Horticulture,Passion Fruits,Bag,57,KES4518.00,8/1/2013 0:00,450
Horticulture,Oranges,Bag,93,KES2878.00,8/1/2013 0:00,451
Horticulture,Lemons,Bag,95,KES1889.00,8/1/2013 0:00,452
Horticulture,Mangoes Local,Bag,126,KES2255.00,8/1/2013 0:00,453
Horticulture,Mangoes Ngowe,Sm Basket,25,KES1257.00,8/1/2013 0:00,454
Horticulture,Limes,net,13,KES645.00,8/1/2013 0:00,455
Horticulture,Pineapples,Dozen,13,KES710.00,8/1/2013 0:00,456
Horticulture,Pawpaw,Lg Box,54,KES1411.00,8/1/2013 0:00,457
Horticulture,Avocado,Bag,90,KES2031.00,8/1/2013 0:00,458
Horticulture,Kales,Bag,50,KES1257.00,8/1/2013 0:00,459
Horticulture,Cabbages,Ext Bag,126,KES2350.00,9/1/2013 0:00,460
Horticulture,Cooking Bananas,Med Bunch,22,KES510.00,9/1/2013 0:00,461
Horticulture,Ripe Bananas,Med Bunch,14,KES568.00,9/1/2013 0:00,462
Horticulture,Carrots,Ext Bag,138,KES4340.00,9/1/2013 0:00,463
Horticulture,Tomatoes,Lg Box,64,KES2446.00,9/1/2013 0:00,464
Horticulture,Onions Dry,net,13,KES862.00,9/1/2013 0:00,465
Horticulture,Spring Onions,Bag,142,KES1950.00,9/1/2013 0:00,466
Horticulture,Chillies,Bag,38,KES2353.00,9/1/2013 0:00,467
Horticulture,Cucumber,Bag,50,KES1784.00,9/1/2013 0:00,468
Horticulture,Capsicums,Bag,50,KES2846.00,9/1/2013 0:00,469
Horticulture,Brinjals,Bag,44,KES1763.00,9/1/2013 0:00,470
Horticulture,Kales,Bag,50,KES1086.00,9/1/2013 0:00,471
Horticulture,Cauliflower,crate,39,KES1901.00,9/1/2013 0:00,472
Horticulture,Lettuce,Bag,51,KES3205.00,9/1/2013 0:00,473
Horticulture,Passion Fruits,Bag,57,KES3728.00,9/1/2013 0:00,474
Horticulture,Oranges,Bag,93,KES2956.00,9/1/2013 0:00,475
Horticulture,Lemons,Bag,95,KES2077.00,9/1/2013 0:00,476
Horticulture,Mangoes Local,Bag,126,KES2688.00,9/1/2013 0:00,477
Horticulture,Mangoes Ngowe,Sm Basket,25,KES1262.00,9/1/2013 0:00,478
Horticulture,Limes,net,13,KES771.00,9/1/2013 0:00,479
Horticulture,Pineapples,Dozen,13,KES711.00,9/1/2013 0:00,480
Horticulture,Pawpaw,Lg Box,54,KES1562.00,9/1/2013 0:00,481
Horticulture,Avocado,Bag,90,KES2070.00,9/1/2013 0:00,482
Horticulture,Oranges,Bag,93,KES3104.00,10/1/2013 0:00,483
Horticulture,Cabbages,Ext Bag,126,KES1992.00,10/1/2013 0:00,484
Horticulture,Cooking Bananas,Med Bunch,22,KES513.00,10/1/2013 0:00,485
Horticulture,Ripe Bananas,Med Bunch,14,KES565.00,10/1/2013 0:00,486
Horticulture,Carrots,Ext Bag,138,KES4390.00,10/1/2013 0:00,487
Horticulture,Tomatoes,Lg Box,64,KES2862.00,10/1/2013 0:00,488
Horticulture,Onions Dry,net,13,KES845.00,10/1/2013 0:00,489
Horticulture,Spring Onions,Bag,142,KES1978.00,10/1/2013 0:00,490
Horticulture,Chillies,Bag,38,KES2325.00,10/1/2013 0:00,491
Horticulture,Cucumber,Bag,50,KES2259.00,10/1/2013 0:00,492
Horticulture,Capsicums,Bag,50,KES2515.00,10/1/2013 0:00,493
Horticulture,Brinjals,Bag,44,KES1657.00,10/1/2013 0:00,494
Horticulture,Cauliflower,crate,39,KES1964.00,10/1/2013 0:00,495
Horticulture,Lettuce,Bag,51,KES3044.00,10/1/2013 0:00,496
Horticulture,Passion Fruits,Bag,57,KES3572.00,10/1/2013 0:00,497
Horticulture,Lemons,Bag,95,KES2292.00,10/1/2013 0:00,498
Horticulture,Mangoes Local,Bag,126,KES2259.00,10/1/2013 0:00,499
Horticulture,Mangoes Ngowe,Sm Basket,25,KES1200.00,10/1/2013 0:00,500
Horticulture,Limes,net,13,KES990.00,10/1/2013 0:00,501
Horticulture,Pineapples,Dozen,13,KES797.00,10/1/2013 0:00,502
Horticulture,Pawpaw,Lg Box,54,KES1466.00,10/1/2013 0:00,503
Horticulture,Avocado,Bag,90,KES2307.00,10/1/2013 0:00,504
Horticulture,Kales,Bag,50,KES849.00,10/1/2013 0:00,505
Horticulture,Kales,Bag,50,KES1013.00,11/1/2013 0:00,506
Horticulture,Cabbages,Ext Bag,126,KES1965.00,11/1/2013 0:00,507
Horticulture,Cooking Bananas,Med Bunch,22,KES519.00,11/1/2013 0:00,508
Horticulture,Ripe Bananas,Med Bunch,14,KES588.00,11/1/2013 0:00,509
Horticulture,Carrots,Ext Bag,138,KES4043.00,11/1/2013 0:00,510
Horticulture,Tomatoes,Lg Box,64,KES3141.00,11/1/2013 0:00,511
Horticulture,Onions Dry,net,13,KES844.00,11/1/2013 0:00,512
Horticulture,Spring Onions,Bag,142,KES2084.00,11/1/2013 0:00,513
Horticulture,Chillies,Bag,38,KES2349.00,11/1/2013 0:00,514
Horticulture,Cucumber,Bag,50,KES2094.00,11/1/2013 0:00,515
Horticulture,Capsicums,Bag,50,KES2219.00,11/1/2013 0:00,516
Horticulture,Brinjals,Bag,44,KES1636.00,11/1/2013 0:00,517
Horticulture,Cauliflower,crate,39,KES2067.00,11/1/2013 0:00,518
Horticulture,Lettuce,Bag,51,KES4072.00,11/1/2013 0:00,519
Horticulture,Passion Fruits,Bag,57,KES4129.00,11/1/2013 0:00,520
Horticulture,Oranges,Bag,93,KES2967.00,11/1/2013 0:00,521
Horticulture,Lemons,Bag,95,KES2560.00,11/1/2013 0:00,522
Horticulture,Mangoes Local,Bag,126,KES2034.00,11/1/2013 0:00,523
Horticulture,Avocado,Bag,90,KES2672.00,11/1/2013 0:00,524
Horticulture,Mangoes Ngowe,Sm Basket,25,KES1082.00,11/1/2013 0:00,525
Horticulture,Limes,net,13,KES902.00,11/1/2013 0:00,526
Horticulture,Pineapples,Dozen,13,KES826.00,11/1/2013 0:00,527
Horticulture,Pawpaw,Lg Box,54,KES1507.00,11/1/2013 0:00,528
Horticulture,Kales,Bag,50,KES953.00,12/1/2013 0:00,529
Horticulture,Carrots,Ext Bag,138,KES3498.00,12/1/2013 0:00,530
Horticulture,Tomatoes,Lg Box,64,KES2897.00,12/1/2013 0:00,531
Horticulture,Onions Dry,net,13,KES862.00,12/1/2013 0:00,532
Horticulture,Spring Onions,Bag,142,KES1755.00,12/1/2013 0:00,533
Horticulture,Chillies,Bag,38,KES2357.00,12/1/2013 0:00,534
Horticulture,Cucumber,Bag,50,KES1843.00,12/1/2013 0:00,535
Horticulture,Capsicums,Bag,50,KES2195.00,12/1/2013 0:00,536
Horticulture,Brinjals,Bag,44,KES1471.00,12/1/2013 0:00,537
Horticulture,Cauliflower,crate,39,KES2373.00,12/1/2013 0:00,538
Horticulture,Lettuce,Bag,51,KES3571.00,12/1/2013 0:00,539
Horticulture,Passion Fruits,Bag,57,KES3500.00,12/1/2013 0:00,540
Horticulture,Oranges,Bag,93,KES2556.00,12/1/2013 0:00,541
Horticulture,Ripe Bananas,Med Bunch,14,KES638.00,12/1/2013 0:00,542
Horticulture,Lemons,Bag,95,KES2569.00,12/1/2013 0:00,543
Horticulture,Mangoes Local,Bag,126,KES1872.00,12/1/2013 0:00,544
Horticulture,Mangoes Ngowe,Sm Basket,25,KES1085.00,12/1/2013 0:00,545
Horticulture,Limes,net,13,KES776.00,12/1/2013 0:00,546
Horticulture,Pineapples,Dozen,13,KES824.00,12/1/2013 0:00,547
Horticulture,Pawpaw,Lg Box,54,KES1498.00,12/1/2013 0:00,548
Horticulture,Cooking Bananas,Med Bunch,22,KES521.00,12/1/2013 0:00,549
Horticulture,Avocado,Bag,90,KES2303.00,12/1/2013 0:00,550
Horticulture,Cabbages,Ext Bag,126,KES1728.00,12/1/2013 0:00,551
Horticulture,Cooking Bananas,Med Bunch,22,KES473.00,1/1/2015 0:00,552
Horticulture,Cabbages,Ext Bag,126,KES2245.00,1/1/2015 0:00,553
Horticulture,Kales,Bag,50,KES1227.00,1/1/2015 0:00,554
Horticulture,Avocado,Bag,90,KES2379.00,1/1/2015 0:00,555
Horticulture,Pawpaw,Lg Box,54,KES1563.00,1/1/2015 0:00,556
Horticulture,Pineapples,Dozen,13,KES796.00,1/1/2015 0:00,557
Horticulture,Limes,net,13,KES648.00,1/1/2015 0:00,558
Horticulture,Mangoes Ngowe,Sm Basket,25,KES1170.00,1/1/2015 0:00,559
Horticulture,Mangoes Local,Bag,126,KES1963.00,1/1/2015 0:00,560
Horticulture,Lemons,Bag,95,KES2540.00,1/1/2015 0:00,561
Horticulture,Oranges,Bag,93,KES3795.00,1/1/2015 0:00,562
Horticulture,Passion Fruits,Bag,57,KES4037.00,1/1/2015 0:00,563
Horticulture,Lettuce,Bag,51,KES2192.00,1/1/2015 0:00,564
Horticulture,Cauliflower,crate,39,KES2091.00,1/1/2015 0:00,565
Horticulture,Brinjals,Bag,44,KES1786.00,1/1/2015 0:00,566
Horticulture,Capsicums,Bag,50,KES2978.00,1/1/2015 0:00,567
Horticulture,Cucumber,Bag,50,KES1810.00,1/1/2015 0:00,568
Horticulture,Chillies,Bag,38,KES2624.00,1/1/2015 0:00,569
Horticulture,Spring Onions,Bag,142,KES1836.00,1/1/2015 0:00,570
Horticulture,Onions Dry,net,13,KES813.00,1/1/2015 0:00,571
Horticulture,Tomatoes,Lg Box,64,KES4097.00,1/1/2015 0:00,572
Horticulture,Carrots,Ext Bag,138,KES2840.00,1/1/2015 0:00,573
Horticulture,Ripe Bananas,Med Bunch,14,KES568.00,1/1/2015 0:00,574
Horticulture,Mangoes Local,Bag,126,KES2201.00,2/1/2015 0:00,575
Horticulture,Chillies,Bag,38,KES2816.00,2/1/2015 0:00,576
Horticulture,Capsicums,Bag,50,KES2922.00,2/1/2015 0:00,577
Horticulture,Cabbages,Ext Bag,126,KES2335.00,2/1/2015 0:00,578
Horticulture,Limes,net,13,KES688.00,2/1/2015 0:00,579
Horticulture,Mangoes Ngowe,Sm Basket,25,KES1051.00,2/1/2015 0:00,580
Horticulture,Oranges,Bag,93,KES3384.00,2/1/2015 0:00,581
Horticulture,Brinjals,Bag,44,KES2126.00,2/1/2015 0:00,582
Horticulture,Kales,Bag,50,KES2076.00,2/1/2015 0:00,583
Horticulture,Tomatoes,Lg Box,64,KES4455.00,2/1/2015 0:00,584
Horticulture,Carrots,Ext Bag,138,KES3134.00,2/1/2015 0:00,585
Horticulture,Spring Onions,Bag,142,KES1585.00,2/1/2015 0:00,586
Horticulture,Cucumber,Bag,50,KES2568.00,2/1/2015 0:00,587
Horticulture,Ripe Bananas,Med Bunch,14,KES615.00,2/1/2015 0:00,588
Horticulture,Cooking Bananas,Med Bunch,22,KES527.00,2/1/2015 0:00,589
Horticulture,Pawpaw,Lg Box,54,KES2005.00,2/1/2015 0:00,590
Horticulture,Lemons,Bag,95,KES2452.00,2/1/2015 0:00,591
Horticulture,Lettuce,Bag,51,KES2555.00,2/1/2015 0:00,592
Horticulture,Onions Dry,net,13,KES840.00,2/1/2015 0:00,593
Horticulture,Passion Fruits,Bag,57,KES4008.00,2/1/2015 0:00,594
Horticulture,Pineapples,Dozen,13,KES751.00,2/1/2015 0:00,595
Horticulture,Avocado,Bag,90,KES2204.00,2/1/2015 0:00,596
Horticulture,Cauliflower,crate,39,KES2566.00,2/1/2015 0:00,597
Horticulture,Ripe Bananas,Med Bunch,14,KES571.00,3/1/2015 0:00,598
Horticulture,Cabbages,Ext Bag,126,KES2684.00,3/1/2015 0:00,599
Horticulture,Pawpaw,Lg Box,54,KES1922.00,3/1/2015 0:00,600
Horticulture,Avocado,Bag,90,KES2155.00,3/1/2015 0:00,601
Horticulture,Carrots,Ext Bag,138,KES3634.00,3/1/2015 0:00,602
Horticulture,Chillies,Bag,38,KES3019.00,3/1/2015 0:00,603
Horticulture,Onions Dry,net,13,KES975.00,3/1/2015 0:00,604
Horticulture,Mangoes Local,Bag,126,KES2525.00,3/1/2015 0:00,605
Horticulture,Brinjals,Bag,44,KES2072.00,3/1/2015 0:00,606
Horticulture,Cauliflower,crate,39,KES2913.00,3/1/2015 0:00,607
Horticulture,Oranges,Bag,93,KES3357.00,3/1/2015 0:00,608
Horticulture,Kales,Bag,50,KES2359.00,3/1/2015 0:00,609
Horticulture,Mangoes Ngowe,Sm Basket,25,KES1055.00,3/1/2015 0:00,610
Horticulture,Limes,net,13,KES757.00,3/1/2015 0:00,611
Horticulture,Passion Fruits,Bag,57,KES4137.00,3/1/2015 0:00,612
Horticulture,Tomatoes,Lg Box,64,KES4504.00,3/1/2015 0:00,613
Horticulture,Spring Onions,Bag,142,KES1792.00,3/1/2015 0:00,614
Horticulture,Capsicums,Bag,50,KES3009.00,3/1/2015 0:00,615
Horticulture,Lemons,Bag,95,KES2443.00,3/1/2015 0:00,616
Horticulture,Cooking Bananas,Med Bunch,22,KES553.00,3/1/2015 0:00,617
Horticulture,Lettuce,Bag,51,KES2585.00,3/1/2015 0:00,618
Horticulture,Pineapples,Dozen,13,KES756.00,3/1/2015 0:00,619
Horticulture,Cucumber,Bag,50,KES2384.00,3/1/2015 0:00,620
Horticulture,Cabbages,Ext Bag,126,KES2967.00,4/1/2015 0:00,621
Horticulture,Pineapples,Dozen,13,KES782.00,4/1/2015 0:00,622
Horticulture,Spring Onions,Bag,142,KES2059.00,4/1/2015 0:00,623
Horticulture,Cauliflower,crate,39,KES3375.00,4/1/2015 0:00,624
Horticulture,Cooking Bananas,Med Bunch,22,KES550.00,4/1/2015 0:00,625
Horticulture,Avocado,Bag,90,KES2210.00,4/1/2015 0:00,626
Horticulture,Mangoes Ngowe,Sm Basket,25,KES1106.00,4/1/2015 0:00,627
Horticulture,Capsicums,Bag,50,KES2508.00,4/1/2015 0:00,628
Horticulture,Cucumber,Bag,50,KES2145.00,4/1/2015 0:00,629
Horticulture,Kales,Bag,50,KES2006.00,4/1/2015 0:00,630
Horticulture,Chillies,Bag,38,KES2968.00,4/1/2015 0:00,631
Horticulture,Carrots,Ext Bag,138,KES4497.00,4/1/2015 0:00,632
Horticulture,Pawpaw,Lg Box,54,KES1829.00,4/1/2015 0:00,633
Horticulture,Onions Dry,net,13,KES1074.00,4/1/2015 0:00,634
Horticulture,Ripe Bananas,Med Bunch,14,KES535.00,4/1/2015 0:00,635
Horticulture,Tomatoes,Lg Box,64,KES5277.00,4/1/2015 0:00,636
Horticulture,Passion Fruits,Bag,57,KES4365.00,4/1/2015 0:00,637
Horticulture,Mangoes Local,Bag,126,KES2407.00,4/1/2015 0:00,638
Horticulture,Lettuce,Bag,51,KES3124.00,4/1/2015 0:00,639
Horticulture,Brinjals,Bag,44,KES1803.00,4/1/2015 0:00,640
Horticulture,Limes,net,13,KES986.00,4/1/2015 0:00,641
Horticulture,Oranges,Bag,93,KES3216.00,4/1/2015 0:00,642
Horticulture,Lemons,Bag,95,KES2611.00,4/1/2015 0:00,643
Horticulture,Cauliflower,crate,39,KES3338.00,5/1/2015 0:00,644
Horticulture,Kales,Bag,50,KES1229.00,5/1/2015 0:00,645
Horticulture,Lettuce,Bag,51,KES2964.00,5/1/2015 0:00,646
Horticulture,Ripe Bananas,Med Bunch,14,KES550.00,5/1/2015 0:00,647
Horticulture,Passion Fruits,Bag,57,KES4492.00,5/1/2015 0:00,648
Horticulture,Pawpaw,Lg Box,54,KES1683.00,5/1/2015 0:00,649
Horticulture,Mangoes Ngowe,Sm Basket,25,KES930.00,5/1/2015 0:00,650
Horticulture,Mangoes Local,Bag,126,KES2315.00,5/1/2015 0:00,651
Horticulture,Oranges,Bag,93,KES3261.00,5/1/2015 0:00,652
Horticulture,Capsicums,Bag,50,KES2072.00,5/1/2015 0:00,653
Horticulture,Cucumber,Bag,50,KES2031.00,5/1/2015 0:00,654
Horticulture,Lemons,Bag,95,KES2573.00,5/1/2015 0:00,655
Horticulture,Pineapples,Dozen,13,KES801.00,5/1/2015 0:00,656
Horticulture,Brinjals,Bag,44,KES1656.00,5/1/2015 0:00,657
Horticulture,Spring Onions,Bag,142,KES1850.00,5/1/2015 0:00,658
Horticulture,Cabbages,Ext Bag,126,KES2643.00,5/1/2015 0:00,659
Horticulture,Cooking Bananas,Med Bunch,22,KES612.00,5/1/2015 0:00,660
Horticulture,Tomatoes,Lg Box,64,KES5664.00,5/1/2015 0:00,661
Horticulture,Onions Dry,net,13,KES1169.00,5/1/2015 0:00,662
Horticulture,Chillies,Bag,38,KES2131.00,5/1/2015 0:00,663
Horticulture,Carrots,Ext Bag,138,KES4858.00,5/1/2015 0:00,664
Horticulture,Avocado,Bag,90,KES2156.00,5/1/2015 0:00,665
Horticulture,Limes,net,13,KES1135.00,5/1/2015 0:00,666
Horticulture,Cauliflower,crate,39,KES2455.00,6/1/2015 0:00,667
Horticulture,Tomatoes,Lg Box,64,KES5128.00,6/1/2015 0:00,668
Horticulture,Limes,net,13,KES1051.00,6/1/2015 0:00,669
Horticulture,Mangoes Local,Bag,126,KES2275.00,6/1/2015 0:00,670
Horticulture,Chillies,Bag,38,KES2153.00,6/1/2015 0:00,671
Horticulture,Avocado,Bag,90,KES2166.00,6/1/2015 0:00,672
Horticulture,Ripe Bananas,Med Bunch,14,KES552.00,6/1/2015 0:00,673
Horticulture,Capsicums,Bag,50,KES2145.00,6/1/2015 0:00,674
Horticulture,Cooking Bananas,Med Bunch,22,KES608.00,6/1/2015 0:00,675
Horticulture,Pineapples,Dozen,13,KES836.00,6/1/2015 0:00,676
Horticulture,Carrots,Ext Bag,138,KES5715.00,6/1/2015 0:00,677
Horticulture,Lemons,Bag,95,KES2387.00,6/1/2015 0:00,678
Horticulture,Mangoes Ngowe,Sm Basket,25,KES963.00,6/1/2015 0:00,679
Horticulture,Pawpaw,Lg Box,54,KES1688.00,6/1/2015 0:00,680
Horticulture,Passion Fruits,Bag,57,KES4675.00,6/1/2015 0:00,681
Horticulture,Cabbages,Ext Bag,126,KES2179.00,6/1/2015 0:00,682
Horticulture,Oranges,Bag,93,KES3193.00,6/1/2015 0:00,683
Horticulture,Cucumber,Bag,50,KES1624.00,6/1/2015 0:00,684
Horticulture,Lettuce,Bag,51,KES2110.00,6/1/2015 0:00,685
Horticulture,Brinjals,Bag,44,KES1498.00,6/1/2015 0:00,686
Horticulture,Onions Dry,net,13,KES1259.00,6/1/2015 0:00,687
Horticulture,Spring Onions,Bag,142,KES1798.00,6/1/2015 0:00,688
Horticulture,Kales,Bag,50,KES1197.00,6/1/2015 0:00,689
Horticulture,Brinjals,Bag,44,KES1511.00,7/1/2015 0:00,690
Horticulture,Passion Fruits,Bag,57,KES4582.00,7/1/2015 0:00,691
Horticulture,Cauliflower,crate,39,KES2902.00,7/1/2015 0:00,692
Horticulture,Spring Onions,Bag,142,KES1797.00,7/1/2015 0:00,693
Horticulture,Mangoes Local,Bag,126,KES2185.00,7/1/2015 0:00,694
Horticulture,Ripe Bananas,Med Bunch,14,KES529.00,7/1/2015 0:00,695
Horticulture,Cooking Bananas,Med Bunch,22,KES589.00,7/1/2015 0:00,696
Horticulture,Cucumber,Bag,50,KES2159.00,7/1/2015 0:00,697
Horticulture,Capsicums,Bag,50,KES2283.00,7/1/2015 0:00,698
Horticulture,Limes,net,13,KES959.00,7/1/2015 0:00,699
Horticulture,Chillies,Bag,38,KES1955.00,7/1/2015 0:00,700
Horticulture,Cabbages,Ext Bag,126,KES1610.00,7/1/2015 0:00,701
Horticulture,Kales,Bag,50,KES1175.00,7/1/2015 0:00,702
Horticulture,Onions Dry,net,13,KES1032.00,7/1/2015 0:00,703
Horticulture,Avocado,Bag,90,KES2070.00,7/1/2015 0:00,704
Horticulture,Mangoes Ngowe,Sm Basket,25,KES992.00,7/1/2015 0:00,705
Horticulture,Pawpaw,Lg Box,54,KES1823.00,7/1/2015 0:00,706
Horticulture,Tomatoes,Lg Box,64,KES3969.00,7/1/2015 0:00,707
Horticulture,Oranges,Bag,93,KES3348.00,7/1/2015 0:00,708
Horticulture,Carrots,Ext Bag,138,KES4490.00,7/1/2015 0:00,709
Horticulture,Lettuce,Bag,51,KES2476.00,7/1/2015 0:00,710
Horticulture,Pineapples,Dozen,13,KES757.00,7/1/2015 0:00,711
Horticulture,Lemons,Bag,95,KES2455.00,7/1/2015 0:00,712
Cereals,Dry Maize,Bag,90,KES2832.00,1/1/2013 0:00,713
Cereals,Green Maize,Ext Bag,115,KES2471.00,1/1/2013 0:00,714
Cereals,Finger Millet,Bag,90,KES6012.00,1/1/2013 0:00,715
Cereals,Sorghum,Bag,90,KES3306.00,1/1/2013 0:00,716
Cereals,Wheat,Bag,90,KES4058.00,1/1/2013 0:00,717
Legumes,Beans Canadian,Bag,90,KES5729.00,1/1/2013 0:00,718
Legumes,Beans Rosecoco,Bag,90,KES5498.00,1/1/2013 0:00,719
Legumes,Beans Mwitemania,Bag,90,KES5132.00,1/1/2013 0:00,720
Legumes,Mwezi Moja,Bag,90,KES5512.00,1/1/2013 0:00,721
Legumes,Dolichos (Njahi),Bag,90,KES7383.00,1/1/2013 0:00,722
Legumes,Green Gram,Bag,90,KES6784.00,1/1/2013 0:00,723
Legumes,Cowpeas,Bag,90,KES5053.00,1/1/2013 0:00,724
Legumes,Fresh Peas,Bag,51,KES2817.00,1/1/2013 0:00,725
Legumes,Groundnuts,Bag,110,KES10679.00,1/1/2013 0:00,726
Roots & Tubers,Red Irish Potatoes,Bag,110,KES2969.00,1/1/2013 0:00,727
Roots & Tubers,White Irish Potatoes,Bag,110,KES3007.00,1/1/2013 0:00,728
Roots & Tubers,Cassava Fresh,Bag,99,KES1735.00,1/1/2013 0:00,729
Roots & Tubers,Sweet Potatoes,Bag,98,KES2526.00,1/1/2013 0:00,730
Cereals,Dry Maize,Bag,90,KES2857.00,2/1/2013 0:00,731
Cereals,Green Maize,Ext Bag,115,KES2963.00,2/1/2013 0:00,732
Cereals,Finger Millet,Bag,90,KES6213.00,2/1/2013 0:00,733
Cereals,Sorghum,Bag,90,KES3626.00,2/1/2013 0:00,734
Cereals,Wheat,Bag,90,KES4071.00,2/1/2013 0:00,735
Legumes,Beans Canadian,Bag,90,KES5643.00,2/1/2013 0:00,736
Legumes,Beans Rosecoco,Bag,90,KES5390.00,2/1/2013 0:00,737
Legumes,Beans Mwitemania,Bag,90,KES5226.00,2/1/2013 0:00,738
Legumes,Mwezi Moja,Bag,90,KES5261.00,2/1/2013 0:00,739
Legumes,Dolichos (Njahi),Bag,90,KES7875.00,2/1/2013 0:00,740
Legumes,Green Gram,Bag,90,KES7340.00,2/1/2013 0:00,741
Legumes,Cowpeas,Bag,90,KES5101.00,2/1/2013 0:00,742
Legumes,Fresh Peas,Bag,51,KES3422.00,2/1/2013 0:00,743
Legumes,Groundnuts,Bag,110,KES10326.00,2/1/2013 0:00,744
Roots & Tubers,Red Irish Potatoes,Bag,110,KES3143.00,2/1/2013 0:00,745
Roots & Tubers,White Irish Potatoes,Bag,110,KES2892.00,2/1/2013 0:00,746
Roots & Tubers,Cassava Fresh,Bag,99,KES1685.00,2/1/2013 0:00,747
Roots & Tubers,Sweet Potatoes,Bag,98,KES3140.00,2/1/2013 0:00,748
Cereals,Dry Maize,Bag,90,KES2880.00,3/1/2013 0:00,749
Cereals,Green Maize,Ext Bag,115,KES2840.00,3/1/2013 0:00,750
Cereals,Finger Millet,Bag,90,KES5890.00,3/1/2013 0:00,751
Cereals,Sorghum,Bag,90,KES3605.00,3/1/2013 0:00,752
Cereals,Wheat,Bag,90,KES3911.00,3/1/2013 0:00,753
Legumes,Beans Canadian,Bag,90,KES5475.00,3/1/2013 0:00,754
Legumes,Beans Rosecoco,Bag,90,KES5712.00,3/1/2013 0:00,755
Legumes,Beans Mwitemania,Bag,90,KES5241.00,3/1/2013 0:00,756
Legumes,Mwezi Moja,Bag,90,KES5529.00,3/1/2013 0:00,757
Legumes,Dolichos (Njahi),Bag,90,KES7473.00,3/1/2013 0:00,758
Legumes,Green Gram,Bag,90,KES7352.00,3/1/2013 0:00,759
Legumes,Cowpeas,Bag,90,KES6005.00,3/1/2013 0:00,760
Legumes,Fresh Peas,Bag,51,KES2908.00,3/1/2013 0:00,761
Legumes,Groundnuts,Bag,110,KES10938.00,3/1/2013 0:00,762
Roots & Tubers,Red Irish Potatoes,Bag,110,KES2987.00,3/1/2013 0:00,763
Roots & Tubers,White Irish Potatoes,Bag,110,KES2854.00,3/1/2013 0:00,764
Roots & Tubers,Cassava Fresh,Bag,99,KES1941.00,3/1/2013 0:00,765
Roots & Tubers,Sweet Potatoes,Bag,98,KES2645.00,3/1/2013 0:00,766
Cereals,Dry Maize,Bag,90,KES2837.00,4/1/2013 0:00,767
Cereals,Green Maize,Ext Bag,115,KES3006.00,4/1/2013 0:00,768
Cereals,Finger Millet,Bag,90,KES5929.00,4/1/2013 0:00,769
Cereals,Sorghum,Bag,90,KES3554.00,4/1/2013 0:00,770
Cereals,Wheat,Bag,90,KES4024.00,4/1/2013 0:00,771
Legumes,Beans Canadian,Bag,90,KES5822.00,4/1/2013 0:00,772
Legumes,Beans Rosecoco,Bag,90,KES6202.00,4/1/2013 0:00,773
Legumes,Beans Mwitemania,Bag,90,KES5602.00,4/1/2013 0:00,774
Legumes,Mwezi Moja,Bag,90,KES5774.00,4/1/2013 0:00,775
Legumes,Dolichos (Njahi),Bag,90,KES7780.00,4/1/2013 0:00,776
Legumes,Green Gram,Bag,90,KES7819.00,4/1/2013 0:00,777
Legumes,Cowpeas,Bag,90,KES5352.00,4/1/2013 0:00,778
Legumes,Fresh Peas,Bag,51,KES2852.00,4/1/2013 0:00,779
Legumes,Groundnuts,Bag,110,KES12269.00,4/1/2013 0:00,780
Roots & Tubers,Red Irish Potatoes,Bag,110,KES2671.00,4/1/2013 0:00,781
Roots & Tubers,White Irish Potatoes,Bag,110,KES2653.00,4/1/2013 0:00,782
Roots & Tubers,Cassava Fresh,Bag,99,KES2102.00,4/1/2013 0:00,783
Roots & Tubers,Sweet Potatoes,Bag,98,KES2728.00,4/1/2013 0:00,784
Cereals,Dry Maize,Bag,90,KES2838.00,5/1/2013 0:00,785
Cereals,Green Maize,Ext Bag,115,KES3847.00,5/1/2013 0:00,786
Cereals,Finger Millet,Bag,90,KES6321.00,5/1/2013 0:00,787
Cereals,Sorghum,Bag,90,KES3694.00,5/1/2013 0:00,788
Cereals,Wheat,Bag,90,KES4365.00,5/1/2013 0:00,789
Legumes,Beans Canadian,Bag,90,KES6046.00,5/1/2013 0:00,790
Legumes,Beans Rosecoco,Bag,90,KES6108.00,5/1/2013 0:00,791
Legumes,Beans Mwitemania,Bag,90,KES5846.00,5/1/2013 0:00,792
Legumes,Mwezi Moja,Bag,90,KES6432.00,5/1/2013 0:00,793
Legumes,Dolichos (Njahi),Bag,90,KES7892.00,5/1/2013 0:00,794
Legumes,Green Gram,Bag,90,KES7514.00,5/1/2013 0:00,795
Legumes,Cowpeas,Bag,90,KES5755.00,5/1/2013 0:00,796
Legumes,Fresh Peas,Bag,51,KES4343.00,5/1/2013 0:00,797
Legumes,Groundnuts,Bag,110,KES12019.00,5/1/2013 0:00,798
Roots & Tubers,Red Irish Potatoes,Bag,110,KES3240.00,5/1/2013 0:00,799
Roots & Tubers,White Irish Potatoes,Bag,110,KES3065.00,5/1/2013 0:00,800
Roots & Tubers,Cassava Fresh,Bag,99,KES2350.00,5/1/2013 0:00,801
Roots & Tubers,Sweet Potatoes,Bag,98,KES3185.00,5/1/2013 0:00,802
Cereals,Dry Maize,Bag,90,KES2747.00,6/1/2013 0:00,803
Cereals,Green Maize,Ext Bag,115,KES3229.00,6/1/2013 0:00,804
Cereals,Finger Millet,Bag,90,KES6182.00,6/1/2013 0:00,805
Cereals,Sorghum,Bag,90,KES3507.00,6/1/2013 0:00,806
Cereals,Wheat,Bag,90,KES4540.00,6/1/2013 0:00,807
Legumes,Beans Canadian,Bag,90,KES5858.00,6/1/2013 0:00,808
Legumes,Beans Rosecoco,Bag,90,KES5668.00,6/1/2013 0:00,809
Legumes,Beans Mwitemania,Bag,90,KES5205.00,6/1/2013 0:00,810
Legumes,Mwezi Moja,Bag,90,KES6060.00,6/1/2013 0:00,811
Legumes,Dolichos (Njahi),Bag,90,KES7908.00,6/1/2013 0:00,812
Legumes,Green Gram,Bag,90,KES7181.00,6/1/2013 0:00,813
Legumes,Cowpeas,Bag,90,KES5721.00,6/1/2013 0:00,814
Legumes,Fresh Peas,Bag,51,KES3163.00,6/1/2013 0:00,815
Legumes,Groundnuts,Bag,110,KES12112.00,6/1/2013 0:00,816
Roots & Tubers,Red Irish Potatoes,Bag,110,KES3275.00,6/1/2013 0:00,817
Roots & Tubers,White Irish Potatoes,Bag,110,KES3206.00,6/1/2013 0:00,818
Roots & Tubers,Cassava Fresh,Bag,99,KES1938.00,6/1/2013 0:00,819
Roots & Tubers,Sweet Potatoes,Bag,98,KES3259.00,6/1/2013 0:00,820
Cereals,Dry Maize,Bag,90,KES2722.00,7/1/2013 0:00,821
Cereals,Green Maize,Ext Bag,115,KES2924.00,7/1/2013 0:00,822
Cereals,Finger Millet,Bag,90,KES5795.00,7/1/2013 0:00,823
Cereals,Sorghum,Bag,90,KES3363.00,7/1/2013 0:00,824
Cereals,Wheat,Bag,90,KES4293.00,7/1/2013 0:00,825
Legumes,Beans Canadian,Bag,90,KES5459.00,7/1/2013 0:00,826
Legumes,Beans Rosecoco,Bag,90,KES5489.00,7/1/2013 0:00,827
Legumes,Beans Mwitemania,Bag,90,KES4997.00,7/1/2013 0:00,828
Legumes,Mwezi Moja,Bag,90,KES5285.00,7/1/2013 0:00,829
Legumes,Dolichos (Njahi),Bag,90,KES7576.00,7/1/2013 0:00,830
Legumes,Green Gram,Bag,90,KES6948.00,7/1/2013 0:00,831
Legumes,Cowpeas,Bag,90,KES5246.00,7/1/2013 0:00,832
Legumes,Fresh Peas,Bag,51,KES2614.00,7/1/2013 0:00,833
Legumes,Groundnuts,Bag,110,KES11216.00,7/1/2013 0:00,834
Roots & Tubers,Red Irish Potatoes,Bag,110,KES2940.00,7/1/2013 0:00,835
Roots & Tubers,White Irish Potatoes,Bag,110,KES2916.00,7/1/2013 0:00,836
Roots & Tubers,Cassava Fresh,Bag,99,KES2004.00,7/1/2013 0:00,837
Roots & Tubers,Sweet Potatoes,Bag,98,KES2957.00,7/1/2013 0:00,838
Cereals,Dry Maize,Bag,90,KES2703.00,8/1/2013 0:00,839
Cereals,Green Maize,Ext Bag,115,KES2475.00,8/1/2013 0:00,840
Cereals,Finger Millet,Bag,90,KES5767.00,8/1/2013 0:00,841
Cereals,Sorghum,Bag,90,KES3533.00,8/1/2013 0:00,842
Cereals,Wheat,Bag,90,KES4084.00,8/1/2013 0:00,843
Legumes,Beans Canadian,Bag,90,KES5434.00,8/1/2013 0:00,844
Legumes,Beans Rosecoco,Bag,90,KES5701.00,8/1/2013 0:00,845
Legumes,Beans Mwitemania,Bag,90,KES4972.00,8/1/2013 0:00,846
Legumes,Mwezi Moja,Bag,90,KES5086.00,8/1/2013 0:00,847
Legumes,Dolichos (Njahi),Bag,90,KES7580.00,8/1/2013 0:00,848
Legumes,Green Gram,Bag,90,KES6925.00,8/1/2013 0:00,849
Legumes,Cowpeas,Bag,90,KES5026.00,8/1/2013 0:00,850
Legumes,Fresh Peas,Bag,51,KES2539.00,8/1/2013 0:00,851
Legumes,Groundnuts,Bag,110,KES10877.00,8/1/2013 0:00,852
Roots & Tubers,Red Irish Potatoes,Bag,110,KES2950.00,8/1/2013 0:00,853
Roots & Tubers,White Irish Potatoes,Bag,110,KES2927.00,8/1/2013 0:00,854
Roots & Tubers,Cassava Fresh,Bag,99,KES1956.00,8/1/2013 0:00,855
Roots & Tubers,Sweet Potatoes,Bag,98,KES2604.00,8/1/2013 0:00,856
Cereals,Dry Maize,Bag,90,KES2829.00,9/1/2013 0:00,857
Cereals,Green Maize,Ext Bag,115,KES2630.00,9/1/2013 0:00,858
Cereals,Finger Millet,Bag,90,KES5820.00,9/1/2013 0:00,859
Cereals,Sorghum,Bag,90,KES3471.00,9/1/2013 0:00,860
Cereals,Wheat,Bag,90,KES4024.00,9/1/2013 0:00,861
Legumes,Beans Canadian,Bag,90,KES5547.00,9/1/2013 0:00,862
Legumes,Beans Rosecoco,Bag,90,KES5973.00,9/1/2013 0:00,863
Legumes,Beans Mwitemania,Bag,90,KES5220.00,9/1/2013 0:00,864
Legumes,Mwezi Moja,Bag,90,KES5480.00,9/1/2013 0:00,865
Legumes,Dolichos (Njahi),Bag,90,KES7323.00,9/1/2013 0:00,866
Legumes,Green Gram,Bag,90,KES7160.00,9/1/2013 0:00,867
Legumes,Cowpeas,Bag,90,KES5227.00,9/1/2013 0:00,868
Legumes,Fresh Peas,Bag,51,KES2856.00,9/1/2013 0:00,869
Legumes,Groundnuts,Bag,110,KES11481.00,9/1/2013 0:00,870
Roots & Tubers,Red Irish Potatoes,Bag,110,KES3045.00,9/1/2013 0:00,871
Roots & Tubers,White Irish Potatoes,Bag,110,KES3014.00,9/1/2013 0:00,872
Roots & Tubers,Cassava Fresh,Bag,99,KES2175.00,9/1/2013 0:00,873
Roots & Tubers,Sweet Potatoes,Bag,98,KES2655.00,9/1/2013 0:00,874
Cereals,Dry Maize,Bag,90,KES2943.00,10/1/2013 0:00,875
Cereals,Green Maize,Ext Bag,115,KES2451.00,10/1/2013 0:00,876
Cereals,Finger Millet,Bag,90,KES6032.00,10/1/2013 0:00,877
Cereals,Sorghum,Bag,90,KES3629.00,10/1/2013 0:00,878
Cereals,Wheat,Bag,90,KES3524.00,10/1/2013 0:00,879
Legumes,Beans Canadian,Bag,90,KES5984.00,10/1/2013 0:00,880
Legumes,Beans Rosecoco,Bag,90,KES5943.00,10/1/2013 0:00,881
Legumes,Beans Mwitemania,Bag,90,KES5366.00,10/1/2013 0:00,882
Legumes,Mwezi Moja,Bag,90,KES5869.00,10/1/2013 0:00,883
Legumes,Dolichos (Njahi),Bag,90,KES7079.00,10/1/2013 0:00,884
Legumes,Green Gram,Bag,90,KES7461.00,10/1/2013 0:00,885
Legumes,Cowpeas,Bag,90,KES5322.00,10/1/2013 0:00,886
Legumes,Fresh Peas,Bag,51,KES2537.00,10/1/2013 0:00,887
Legumes,Groundnuts,Bag,110,KES11555.00,10/1/2013 0:00,888
Roots & Tubers,Red Irish Potatoes,Bag,110,KES3124.00,10/1/2013 0:00,889
Roots & Tubers,White Irish Potatoes,Bag,110,KES3014.00,10/1/2013 0:00,890
Roots & Tubers,Cassava Fresh,Bag,99,KES1896.00,10/1/2013 0:00,891
Roots & Tubers,Sweet Potatoes,Bag,98,KES2746.00,10/1/2013 0:00,892
Cereals,Dry Maize,Bag,90,KES3033.00,11/1/2013 0:00,893
Cereals,Green Maize,Ext Bag,115,KES2836.00,11/1/2013 0:00,894
Cereals,Finger Millet,Bag,90,KES6072.00,11/1/2013 0:00,895
Cereals,Sorghum,Bag,90,KES3780.00,11/1/2013 0:00,896
Cereals,Wheat,Bag,90,KES3697.00,11/1/2013 0:00,897
Legumes,Beans Canadian,Bag,90,KES6225.00,11/1/2013 0:00,898
Legumes,Beans Rosecoco,Bag,90,KES5973.00,11/1/2013 0:00,899
Legumes,Beans Mwitemania,Bag,90,KES5374.00,11/1/2013 0:00,900
Legumes,Mwezi Moja,Bag,90,KES5939.00,11/1/2013 0:00,901
Legumes,Dolichos (Njahi),Bag,90,KES7127.00,11/1/2013 0:00,902
Legumes,Green Gram,Bag,90,KES7916.00,11/1/2013 0:00,903
Legumes,Cowpeas,Bag,90,KES5782.00,11/1/2013 0:00,904
Legumes,Fresh Peas,Bag,51,KES2272.00,11/1/2013 0:00,905
Legumes,Groundnuts,Bag,110,KES11877.00,11/1/2013 0:00,906
Roots & Tubers,Red Irish Potatoes,Bag,110,KES3326.00,11/1/2013 0:00,907
Roots & Tubers,White Irish Potatoes,Bag,110,KES3291.00,11/1/2013 0:00,908
Roots & Tubers,Cassava Fresh,Bag,99,KES2023.00,11/1/2013 0:00,909
Roots & Tubers,Sweet Potatoes,Bag,98,KES2862.00,11/1/2013 0:00,910
Cereals,Dry Maize,Bag,90,KES3037.00,12/1/2013 0:00,911
Cereals,Green Maize,Ext Bag,115,KES3050.00,12/1/2013 0:00,912
Cereals,Finger Millet,Bag,90,KES5823.00,12/1/2013 0:00,913
Cereals,Sorghum,Bag,90,KES3851.00,12/1/2013 0:00,914
Cereals,Wheat,Bag,90,KES4144.00,12/1/2013 0:00,915
Legumes,Beans Canadian,Bag,90,KES5978.00,12/1/2013 0:00,916
Legumes,Beans Rosecoco,Bag,90,KES5942.00,12/1/2013 0:00,917
Legumes,Beans Mwitemania,Bag,90,KES5397.00,12/1/2013 0:00,918
Legumes,Mwezi Moja,Bag,90,KES5813.00,12/1/2013 0:00,919
Legumes,Dolichos (Njahi),Bag,90,KES7429.00,12/1/2013 0:00,920
Legumes,Green Gram,Bag,90,KES7916.00,12/1/2013 0:00,921
Legumes,Cowpeas,Bag,90,KES5702.00,12/1/2013 0:00,922
Legumes,Fresh Peas,Bag,51,KES2762.00,12/1/2013 0:00,923
Legumes,Groundnuts,Bag,110,KES11417.00,12/1/2013 0:00,924
Roots & Tubers,Red Irish Potatoes,Bag,110,KES3019.00,12/1/2013 0:00,925
Roots & Tubers,White Irish Potatoes,Bag,110,KES2967.00,12/1/2013 0:00,926
Roots & Tubers,Cassava Fresh,Bag,99,KES2068.00,12/1/2013 0:00,927
Roots & Tubers,Sweet Potatoes,Bag,98,KES2777.00,12/1/2013 0:00,928
Cereals,Dry Maize,Bag,90,KES2435.00,1/1/2015 0:00,929
Cereals,Green Maize,Ext Bag,115,KES3237.00,1/1/2015 0:00,930
Cereals,Finger Millet,Bag,90,KES6868.00,1/1/2015 0:00,931
Cereals,Sorghum,Bag,90,KES3756.00,1/1/2015 0:00,932
Cereals,Wheat,Bag,90,KES3477.00,1/1/2015 0:00,933
Legumes,Beans Canadian,Bag,90,KES6277.00,1/1/2015 0:00,934
Legumes,Beans Rosecoco,Bag,90,KES6111.00,1/1/2015 0:00,935
Legumes,Beans Mwitemania,Bag,90,KES5871.00,1/1/2015 0:00,936
Legumes,Mwezi Moja,Bag,90,KES5349.00,1/1/2015 0:00,937
Legumes,Dolichos (Njahi),Bag,90,KES7042.00,1/1/2015 0:00,938
Legumes,Green Gram,Bag,90,KES11143.00,1/1/2015 0:00,939
Legumes,Cowpeas,Bag,90,KES6764.00,1/1/2015 0:00,940
Legumes,Fresh Peas,Bag,51,KES2461.00,1/1/2015 0:00,941
Legumes,Groundnuts,Bag,110,KES11559.00,1/1/2015 0:00,942
Roots & Tubers,Red Irish Potatoes,Bag,110,KES2490.00,1/1/2015 0:00,943
Roots & Tubers,White Irish Potatoes,Bag,110,KES2515.00,1/1/2015 0:00,944
Roots & Tubers,Cassava Fresh,Bag,99,KES1753.00,1/1/2015 0:00,945
Roots & Tubers,Sweet Potatoes,Bag,98,KES2677.00,1/1/2015 0:00,946
Cereals,Dry Maize,Bag,90,KES2417.00,2/1/2015 0:00,947
Cereals,Green Maize,Ext Bag,115,KES2653.00,2/1/2015 0:00,948
Cereals,Finger Millet,Bag,90,KES6906.00,2/1/2015 0:00,949
Cereals,Sorghum,Bag,90,KES4202.00,2/1/2015 0:00,950
Cereals,Wheat,Bag,90,KES3662.00,2/1/2015 0:00,951
Legumes,Beans Canadian,Bag,90,KES6151.00,2/1/2015 0:00,952
Legumes,Beans Rosecoco,Bag,90,KES6484.00,2/1/2015 0:00,953
Legumes,Beans Mwitemania,Bag,90,KES6269.00,2/1/2015 0:00,954
Legumes,Mwezi Moja,Bag,90,KES4783.00,2/1/2015 0:00,955
Legumes,Dolichos (Njahi),Bag,90,KES8023.00,2/1/2015 0:00,956
Legumes,Green Gram,Bag,90,KES11535.00,2/1/2015 0:00,957
Legumes,Cowpeas,Bag,90,KES7208.00,2/1/2015 0:00,958
Legumes,Fresh Peas,Bag,51,KES2511.00,2/1/2015 0:00,959
Legumes,Groundnuts,Bag,110,KES11926.00,2/1/2015 0:00,960
Roots & Tubers,Red Irish Potatoes,Bag,110,KES2761.00,2/1/2015 0:00,961
Roots & Tubers,White Irish Potatoes,Bag,110,KES2690.00,2/1/2015 0:00,962
Roots & Tubers,Cassava Fresh,Bag,99,KES1893.00,2/1/2015 0:00,963
Roots & Tubers,Sweet Potatoes,Bag,98,KES2541.00,2/1/2015 0:00,964
Cereals,Dry Maize,Bag,90,KES2473.00,3/1/2015 0:00,965
Cereals,Green Maize,Ext Bag,115,KES2795.00,3/1/2015 0:00,966
Cereals,Finger Millet,Bag,90,KES6916.00,3/1/2015 0:00,967
Cereals,Sorghum,Bag,90,KES4183.00,3/1/2015 0:00,968
Cereals,Wheat,Bag,90,KES3739.00,3/1/2015 0:00,969
Legumes,Beans Canadian,Bag,90,KES6525.00,3/1/2015 0:00,970
Legumes,Beans Rosecoco,Bag,90,KES6850.00,3/1/2015 0:00,971
Legumes,Beans Mwitemania,Bag,90,KES6321.00,3/1/2015 0:00,972
Legumes,Mwezi Moja,Bag,90,KES5382.00,3/1/2015 0:00,973
Legumes,Dolichos (Njahi),Bag,90,KES8228.00,3/1/2015 0:00,974
Legumes,Green Gram,Bag,90,KES11315.00,3/1/2015 0:00,975
Legumes,Cowpeas,Bag,90,KES7436.00,3/1/2015 0:00,976
Legumes,Fresh Peas,Bag,51,KES3015.00,3/1/2015 0:00,977
Legumes,Groundnuts,Bag,110,,3/1/2015 0:00,978
Roots & Tubers,Red Irish Potatoes,Bag,110,KES2686.00,3/1/2015 0:00,979
Roots & Tubers,White Irish Potatoes,Bag,110,KES2556.00,3/1/2015 0:00,980
Roots & Tubers,Cassava Fresh,Bag,99,KES1940.00,3/1/2015 0:00,981
Roots & Tubers,Sweet Potatoes,Bag,98,KES2687.00,3/1/2015 0:00,982
Cereals,Dry Maize,Bag,90,KES2796.00,4/1/2015 0:00,983
Cereals,Green Maize,Ext Bag,115,KES3567.00,4/1/2015 0:00,984
Cereals,Finger Millet,Bag,90,KES7149.00,4/1/2015 0:00,985
Cereals,Sorghum,Bag,90,KES3816.00,4/1/2015 0:00,986
Cereals,Wheat,Bag,90,KES3628.00,4/1/2015 0:00,987
Legumes,Beans Canadian,Bag,90,KES7148.00,4/1/2015 0:00,988
Legumes,Beans Rosecoco,Bag,90,KES7124.00,4/1/2015 0:00,989
Legumes,Beans Mwitemania,Bag,90,KES6402.00,4/1/2015 0:00,990
Legumes,Mwezi Moja,Bag,90,KES5798.00,4/1/2015 0:00,991
Legumes,Dolichos (Njahi),Bag,90,KES9182.00,4/1/2015 0:00,992
Legumes,Green Gram,Bag,90,KES11454.00,4/1/2015 0:00,993
Legumes,Cowpeas,Bag,90,KES6983.00,4/1/2015 0:00,994
Legumes,Fresh Peas,Bag,51,KES3842.00,4/1/2015 0:00,995
Legumes,Groundnuts,Bag,110,,4/1/2015 0:00,996
Roots & Tubers,Red Irish Potatoes,Bag,110,KES3502.00,4/1/2015 0:00,997
Roots & Tubers,White Irish Potatoes,Bag,110,KES3511.00,4/1/2015 0:00,998
Roots & Tubers,Cassava Fresh,Bag,99,KES1941.00,4/1/2015 0:00,999
Roots & Tubers,Sweet Potatoes,Bag,98,KES2819.00,4/1/2015 0:00,1000
Cereals,Dry Maize,Bag,90,KES2925.00,5/1/2015 0:00,1001
Cereals,Green Maize,Ext Bag,115,KES3872.00,5/1/2015 0:00,1002
Cereals,Finger Millet,Bag,90,KES7216.00,5/1/2015 0:00,1003
Cereals,Sorghum,Bag,90,KES3877.00,5/1/2015 0:00,1004
Cereals,Wheat,Bag,90,KES3653.00,5/1/2015 0:00,1005
Legumes,Beans Canadian,Bag,90,KES7453.00,5/1/2015 0:00,1006
Legumes,Beans Rosecoco,Bag,90,KES7522.00,5/1/2015 0:00,1007
Legumes,Beans Mwitemania,Bag,90,KES6903.00,5/1/2015 0:00,1008
Legumes,Mwezi Moja,Bag,90,KES6426.00,5/1/2015 0:00,1009
Legumes,Dolichos (Njahi),Bag,90,KES10486.00,5/1/2015 0:00,1010
Legumes,Green Gram,Bag,90,KES11905.00,5/1/2015 0:00,1011
Legumes,Cowpeas,Bag,90,KES7509.00,5/1/2015 0:00,1012
Legumes,Fresh Peas,Bag,51,KES3924.00,5/1/2015 0:00,1013
Legumes,Groundnuts,Bag,110,KES12802.00,5/1/2015 0:00,1014
Roots & Tubers,Red Irish Potatoes,Bag,110,KES3812.00,5/1/2015 0:00,1015
Roots & Tubers,White Irish Potatoes,Bag,110,KES3935.00,5/1/2015 0:00,1016
Roots & Tubers,Cassava Fresh,Bag,99,KES1883.00,5/1/2015 0:00,1017
Roots & Tubers,Sweet Potatoes,Bag,98,KES2928.00,5/1/2015 0:00,1018
Cereals,Dry Maize,Bag,90,KES2883.00,6/1/2015 0:00,1019
Cereals,Green Maize,Ext Bag,115,KES3466.00,6/1/2015 0:00,1020
Cereals,Finger Millet,Bag,90,KES7155.00,6/1/2015 0:00,1021
Cereals,Sorghum,Bag,90,KES3845.00,6/1/2015 0:00,1022
Cereals,Wheat,Bag,90,KES3747.00,6/1/2015 0:00,1023
Legumes,Beans Canadian,Bag,90,KES7471.00,6/1/2015 0:00,1024
Legumes,Beans Rosecoco,Bag,90,KES7186.00,6/1/2015 0:00,1025
Legumes,Beans Mwitemania,Bag,90,KES6535.00,6/1/2015 0:00,1026
Legumes,Mwezi Moja,Bag,90,KES7279.00,6/1/2015 0:00,1027
Legumes,Dolichos (Njahi),Bag,90,KES9988.00,6/1/2015 0:00,1028
Legumes,Green Gram,Bag,90,KES10722.00,6/1/2015 0:00,1029
Legumes,Cowpeas,Bag,90,KES7315.00,6/1/2015 0:00,1030
Legumes,Fresh Peas,Bag,51,KES3505.00,6/1/2015 0:00,1031
Legumes,Groundnuts,Bag,110,KES12797.00,6/1/2015 0:00,1032
Roots & Tubers,Red Irish Potatoes,Bag,110,KES2776.00,6/1/2015 0:00,1033
Roots & Tubers,White Irish Potatoes,Bag,110,KES2978.00,6/1/2015 0:00,1034
Roots & Tubers,Cassava Fresh,Bag,99,KES2124.00,6/1/2015 0:00,1035
Roots & Tubers,Sweet Potatoes,Bag,98,KES2705.00,6/1/2015 0:00,1036
Cereals,Dry Maize,Bag,90,KES2969.00,7/1/2015 0:00,1037
Cereals,Green Maize,Ext Bag,115,KES2860.00,7/1/2015 0:00,1038
Cereals,Finger Millet,Bag,90,KES6883.00,7/1/2015 0:00,1039
Cereals,Sorghum,Bag,90,KES3856.00,7/1/2015 0:00,1040
Cereals,Wheat,Bag,90,KES3915.00,7/1/2015 0:00,1041
Legumes,Beans Canadian,Bag,90,KES6595.00,7/1/2015 0:00,1042
Legumes,Beans Rosecoco,Bag,90,KES6302.00,7/1/2015 0:00,1043
Legumes,Beans Mwitemania,Bag,90,KES5685.00,7/1/2015 0:00,1044
Legumes,Mwezi Moja,Bag,90,KES6201.00,7/1/2015 0:00,1045
Legumes,Dolichos (Njahi),Bag,90,KES10509.00,7/1/2015 0:00,1046
Legumes,Green Gram,Bag,90,KES10252.00,7/1/2015 0:00,1047
Legumes,Cowpeas,Bag,90,KES6525.00,7/1/2015 0:00,1048
Legumes,Fresh Peas,Bag,51,KES2525.00,7/1/2015 0:00,1049
Legumes,Groundnuts,Bag,110,KES13713.00,7/1/2015 0:00,1050
Roots & Tubers,Red Irish Potatoes,Bag,110,KES1840.00,7/1/2015 0:00,1051
Roots & Tubers,White Irish Potatoes,Bag,110,KES2002.00,7/1/2015 0:00,1052
Roots & Tubers,Cassava Fresh,Bag,99,KES1912.00,7/1/2015 0:00,1053
Roots & Tubers,Sweet Potatoes,Bag,98,KES2764.00,7/1/2015 0:00,1054
Cereals,Dry Maize,Bag,90,KES2910.00,8/25/2015 0:00,1055
Cereals,Green Maize,Ext Bag,115,KES2557.00,8/25/2015 0:00,1056
Cereals,Finger Millet,Bag,90,KES6714.00,8/25/2015 0:00,1057
Cereals,Sorghum,Bag,90,KES3683.00,8/25/2015 0:00,1058
Cereals,Wheat,Bag,90,KES3674.00,8/25/2015 0:00,1059
Legumes,Beans Canadian,Bag,90,KES6187.00,8/25/2015 0:00,1060
Legumes,Beans Rosecoco,Bag,90,KES5850.00,8/25/2015 0:00,1061
Legumes,Beans Mwitemania,Bag,90,KES5277.00,8/25/2015 0:00,1062
Legumes,Mwezi Moja,Bag,90,KES5579.00,8/25/2015 0:00,1063
Legumes,Dolichos (Njahi),Bag,90,KES10733.00,8/25/2015 0:00,1064
Legumes,Green Gram,Bag,90,KES9354.00,8/25/2015 0:00,1065
Legumes,Cowpeas,Bag,90,KES6291.00,8/25/2015 0:00,1066
Legumes,Fresh Peas,Bag,51,KES2078.00,8/25/2015 0:00,1067
Legumes,Groundnuts,Bag,110,KES12313.00,8/25/2015 0:00,1068
Roots & Tubers,Red Irish Potatoes,Bag,110,KES1823.00,8/25/2015 0:00,1069
Roots & Tubers,White Irish Potatoes,Bag,110,KES1915.00,8/25/2015 0:00,1070
Roots & Tubers,Cassava Fresh,Bag,99,KES1907.00,8/25/2015 0:00,1071
Roots & Tubers,Sweet Potatoes,Bag,98,KES2723.00,8/25/2015 0:00,1072
Cereals,Dry Maize,Bag,90,KES2726.00,9/25/2015 0:00,1073
Cereals,Green Maize,Ext Bag,115,KES2415.00,9/25/2015 0:00,1074
Cereals,Finger Millet,Bag,90,KES6568.00,9/25/2015 0:00,1075
Cereals,Sorghum,Bag,90,KES3683.00,9/25/2015 0:00,1076
Cereals,Wheat,Bag,90,KES3493.00,9/25/2015 0:00,1077
Legumes,Beans Canadian,Bag,90,KES5939.00,9/25/2015 0:00,1078
Legumes,Beans Rosecoco,Bag,90,KES5794.00,9/25/2015 0:00,1079
Legumes,Beans Mwitemania,Bag,90,KES5171.00,9/25/2015 0:00,1080
Legumes,Mwezi Moja,Bag,90,KES5367.00,9/25/2015 0:00,1081
Legumes,Dolichos (Njahi),Bag,90,KES10751.00,9/25/2015 0:00,1082
Legumes,Green Gram,Bag,90,KES9266.00,9/25/2015 0:00,1083
Legumes,Cowpeas,Bag,90,KES6203.00,9/25/2015 0:00,1084
Legumes,Fresh Peas,Bag,51,KES2192.00,9/25/2015 0:00,1085
Legumes,Groundnuts,Bag,110,KES12575.00,9/25/2015 0:00,1086
Roots & Tubers,Red Irish Potatoes,Bag,110,KES2518.00,9/25/2015 0:00,1087
Roots & Tubers,White Irish Potatoes,Bag,110,KES2656.00,9/25/2015 0:00,1088
Roots & Tubers,Cassava Fresh,Bag,99,KES1991.00,9/25/2015 0:00,1089
Roots & Tubers,Sweet Potatoes,Bag,98,KES2801.00,9/25/2015 0:00,1090
Cereals,Dry Maize,Bag,90,KES2718.00,10/25/2015 0:00,1091
Cereals,Green Maize,Ext Bag,115,KES2490.00,10/25/2015 0:00,1092
Cereals,Finger Millet,Bag,90,KES6598.00,10/25/2015 0:00,1093
Cereals,Sorghum,Bag,90,KES3784.00,10/25/2015 0:00,1094
Cereals,Wheat,Bag,90,KES3519.00,10/25/2015 0:00,1095
Legumes,Beans Canadian,Bag,90,KES6125.00,10/25/2015 0:00,1096
Legumes,Beans Rosecoco,Bag,90,KES6088.00,10/25/2015 0:00,1097
Legumes,Beans Mwitemania,Bag,90,KES5603.00,10/25/2015 0:00,1098
Legumes,Mwezi Moja,Bag,90,KES5617.00,10/25/2015 0:00,1099
Legumes,Dolichos (Njahi),Bag,90,KES10546.00,10/25/2015 0:00,1100
Legumes,Green Gram,Bag,90,KES9582.00,10/25/2015 0:00,1101
Legumes,Cowpeas,Bag,90,KES6265.00,10/25/2015 0:00,1102
Legumes,Fresh Peas,Bag,51,KES2587.00,10/25/2015 0:00,1103
Legumes,Groundnuts,Bag,110,KES12691.00,10/25/2015 0:00,1104
Roots & Tubers,Red Irish Potatoes,Bag,110,KES2975.00,10/25/2015 0:00,1105
Roots & Tubers,White Irish Potatoes,Bag,110,KES3139.00,10/25/2015 0:00,1106
Roots & Tubers,Cassava Fresh,Bag,99,KES1938.00,10/25/2015 0:00,1107
Roots & Tubers,Sweet Potatoes,Bag,98,KES2895.00,10/25/2015 0:00,1108
Cereals,Dry Maize,Bag,90,KES2669.00,11/25/2015 0:00,1109
Cereals,Green Maize,Ext Bag,115,KES2599.00,11/25/2015 0:00,1110
Cereals,Finger Millet,Bag,90,KES6687.00,11/25/2015 0:00,1111
Cereals,Sorghum,Bag,90,KES3671.00,11/25/2015 0:00,1112
Cereals,Wheat,Bag,90,KES3509.00,11/25/2015 0:00,1113
Legumes,Beans Canadian,Bag,90,KES6109.00,11/25/2015 0:00,1114
Legumes,Beans Rosecoco,Bag,90,KES6200.00,11/25/2015 0:00,1115
Legumes,Beans Mwitemania,Bag,90,KES5746.00,11/25/2015 0:00,1116
Legumes,Mwezi Moja,Bag,90,KES5811.00,11/25/2015 0:00,1117
Legumes,Dolichos (Njahi),Bag,90,KES11256.00,11/25/2015 0:00,1118
Legumes,Green Gram,Bag,90,KES10033.00,11/25/2015 0:00,1119
Legumes,Cowpeas,Bag,90,KES6230.00,11/25/2015 0:00,1120
Legumes,Fresh Peas,Bag,51,KES2967.00,11/25/2015 0:00,1121
Legumes,Groundnuts,Bag,110,KES12881.00,11/25/2015 0:00,1122
Roots & Tubers,Red Irish Potatoes,Bag,110,KES3566.00,11/25/2015 0:00,1123
Roots & Tubers,White Irish Potatoes,Bag,110,KES3770.00,11/25/2015 0:00,1124
Roots & Tubers,Cassava Fresh,Bag,99,KES2101.00,11/25/2015 0:00,1125
Roots & Tubers,Sweet Potatoes,Bag,98,KES3000.00,11/25/2015 0:00,1126
Cereals,Dry Maize,Bag,90,KES2610.00,12/25/2015 0:00,1127
Cereals,Green Maize,Ext Bag,115,KES2535.00,12/25/2015 0:00,1128
Cereals,Finger Millet,Bag,90,KES6469.00,12/25/2015 0:00,1129
Cereals,Sorghum,Bag,90,KES3776.00,12/25/2015 0:00,1130
Cereals,Wheat,Bag,90,KES3768.00,12/25/2015 0:00,1131
Legumes,Beans Canadian,Bag,90,KES6031.00,12/25/2015 0:00,1132
Legumes,Beans Rosecoco,Bag,90,KES6123.00,12/25/2015 0:00,1133
Legumes,Beans Mwitemania,Bag,90,KES5727.00,12/25/2015 0:00,1134
Legumes,Mwezi Moja,Bag,90,KES5715.00,12/25/2015 0:00,1135
Legumes,Dolichos (Njahi),Bag,90,KES12622.00,12/25/2015 0:00,1136
Legumes,Green Gram,Bag,90,KES9962.00,12/25/2015 0:00,1137
Legumes,Cowpeas,Bag,90,KES6239.00,12/25/2015 0:00,1138
Legumes,Fresh Peas,Bag,51,KES3582.00,12/25/2015 0:00,1139
Legumes,Groundnuts,Bag,110,KES12986.00,12/25/2015 0:00,1140
Roots & Tubers,Red Irish Potatoes,Bag,110,KES2805.00,12/25/2015 0:00,1141
Roots & Tubers,White Irish Potatoes,Bag,110,KES2885.00,12/25/2015 0:00,1142
Roots & Tubers,Cassava Fresh,Bag,99,KES2097.00,12/25/2015 0:00,1143
Roots & Tubers,Sweet Potatoes,Bag,98,KES3067.00,12/25/2015 0:00,1144
